{
"type": "FeatureCollection",
"name": "vilnius_transport",
"crs": { "type": "name", "properties": { "name": "urn:ogc:def:crs:OGC:1.3:CRS84" } },
"features": [
{ "type": "Feature", "properties": { "Transportas": "Autobusai", "Marsrutas": "50", "ReisoID": null, "MasinosNumeris": 954, "Ilguma": 25292440, "Ilguma_new": 25.29244, "Platuma": 54719973, "Platuma_new": 54.719973, "Greitis": 0, "Azimutas": 84, "ReisoPradziaMinutemis": null, "NuokrypisSekundemis": null, "MatavimoLaikas": 44494, "MasinosTipas": "Z", "KryptiesTipas": "D>B", "KryptiesPavadinimas": "Bajorai", "ReisoIdGTFS": null, "color": "blue" }, "geometry": { "type": "Point", "coordinates": [ 25.29244, 54.719973 ] } },
{ "type": "Feature", "properties": { "Transportas": "Troleibusai", "Marsrutas": "12", "ReisoID": null, "MasinosNumeris": 1614, "Ilguma": 25322557, "Ilguma_new": 25.322557, "Platuma": 54708936, "Platuma_new": 54.708936, "Greitis": 0, "Azimutas": 26, "ReisoPradziaMinutemis": null, "NuokrypisSekundemis": null, "MatavimoLaikas": 43949, "MasinosTipas": null, "KryptiesTipas": "D>A", "KryptiesPavadinimas": "Žirmūnai", "ReisoIdGTFS": null, "color": "red" }, "geometry": { "type": "Point", "coordinates": [ 25.322557, 54.708936 ] } },
{ "type": "Feature", "properties": { "Transportas": "Autobusai", "Marsrutas": "2G", "ReisoID": null, "MasinosNumeris": 4162, "Ilguma": 25292906, "Ilguma_new": 25.292906, "Platuma": 54720658, "Platuma_new": 54.720658, "Greitis": 0, "Azimutas": 264, "ReisoPradziaMinutemis": null, "NuokrypisSekundemis": null, "MatavimoLaikas": 43989, "MasinosTipas": "KWZD", "KryptiesTipas": "A>D1", "KryptiesPavadinimas": "Autobusų parkas (Verkių g.)", "ReisoIdGTFS": null, "color": "blue" }, "geometry": { "type": "Point", "coordinates": [ 25.292906, 54.720658 ] } },
{ "type": "Feature", "properties": { "Transportas": "Autobusai", "Marsrutas": "53", "ReisoID": null, "MasinosNumeris": 4019, "Ilguma": 25292418, "Ilguma_new": 25.292418, "Platuma": 54720149, "Platuma_new": 54.720149, "Greitis": 0, "Azimutas": 116, "ReisoPradziaMinutemis": null, "NuokrypisSekundemis": null, "MatavimoLaikas": 44500, "MasinosTipas": "KZ", "KryptiesTipas": "A>D", "KryptiesPavadinimas": "Autobusų parkas (Verkių g.)", "ReisoIdGTFS": null, "color": "blue" }, "geometry": { "type": "Point", "coordinates": [ 25.292418, 54.720149 ] } },
{ "type": "Feature", "properties": { "Transportas": "Autobusai", "Marsrutas": "29", "ReisoID": null, "MasinosNumeris": 4652, "Ilguma": 25292374, "Ilguma_new": 25.292374, "Platuma": 54720325, "Platuma_new": 54.720325, "Greitis": 0, "Azimutas": 78, "ReisoPradziaMinutemis": null, "NuokrypisSekundemis": null, "MatavimoLaikas": 44482, "MasinosTipas": "Z", "KryptiesTipas": "A>D", "KryptiesPavadinimas": "Autobusų parkas (Verkių g.)", "ReisoIdGTFS": null, "color": "blue" }, "geometry": { "type": "Point", "coordinates": [ 25.292374, 54.720325 ] } },
{ "type": "Feature", "properties": { "Transportas": "Autobusai", "Marsrutas": "5G", "ReisoID": null, "MasinosNumeris": 4590, "Ilguma": 25294796, "Ilguma_new": 25.294796, "Platuma": 54719784, "Platuma_new": 54.719784, "Greitis": 0, "Azimutas": 264, "ReisoPradziaMinutemis": null, "NuokrypisSekundemis": null, "MatavimoLaikas": 44461, "MasinosTipas": "KZ", "KryptiesTipas": "B1>D", "KryptiesPavadinimas": "Autobusų parkas (Verkių g.)", "ReisoIdGTFS": null, "color": "blue" }, "geometry": { "type": "Point", "coordinates": [ 25.294796, 54.719784 ] } },
{ "type": "Feature", "properties": { "Transportas": "Autobusai", "Marsrutas": "3G", "ReisoID": null, "MasinosNumeris": 4567, "Ilguma": 25294445, "Ilguma_new": 25.294445, "Platuma": 54719909, "Platuma_new": 54.719909, "Greitis": 0, "Azimutas": 344, "ReisoPradziaMinutemis": null, "NuokrypisSekundemis": null, "MatavimoLaikas": 44477, "MasinosTipas": "KWZD", "KryptiesTipas": "A>B", "KryptiesPavadinimas": "Oro uostas", "ReisoIdGTFS": null, "color": "blue" }, "geometry": { "type": "Point", "coordinates": [ 25.294445, 54.719909 ] } },
{ "type": "Feature", "properties": { "Transportas": "Autobusai", "Marsrutas": "54", "ReisoID": 22852792355, "MasinosNumeris": 715, "Ilguma": 25217413, "Ilguma_new": 25.217413, "Platuma": 54703258, "Platuma_new": 54.703258, "Greitis": 0, "Azimutas": 296, "ReisoPradziaMinutemis": 1435, "NuokrypisSekundemis": 0, "MatavimoLaikas": 44498, "MasinosTipas": "KZ", "KryptiesTipas": "A>D", "KryptiesPavadinimas": "2-asis troleibusų parkas (Justiniškių g.)", "ReisoIdGTFS": null, "color": "blue" }, "geometry": { "type": "Point", "coordinates": [ 25.217413, 54.703258 ] } },
{ "type": "Feature", "properties": { "Transportas": "Autobusai", "Marsrutas": "2G", "ReisoID": null, "MasinosNumeris": 775, "Ilguma": 25292949, "Ilguma_new": 25.292949, "Platuma": 54720283, "Platuma_new": 54.720283, "Greitis": 0, "Azimutas": 90, "ReisoPradziaMinutemis": null, "NuokrypisSekundemis": null, "MatavimoLaikas": 44487, "MasinosTipas": "KZ", "KryptiesTipas": "A>D1", "KryptiesPavadinimas": "Autobusų parkas (Verkių g.)", "ReisoIdGTFS": null, "color": "blue" }, "geometry": { "type": "Point", "coordinates": [ 25.292949, 54.720283 ] } },
{ "type": "Feature", "properties": { "Transportas": "Autobusai", "Marsrutas": "5G", "ReisoID": null, "MasinosNumeris": 4587, "Ilguma": 25293161, "Ilguma_new": 25.293161, "Platuma": 54721786, "Platuma_new": 54.721786, "Greitis": 0, "Azimutas": 176, "ReisoPradziaMinutemis": null, "NuokrypisSekundemis": null, "MatavimoLaikas": 43872, "MasinosTipas": "WNZD", "KryptiesTipas": "B1>D", "KryptiesPavadinimas": "Autobusų parkas (Verkių g.)", "ReisoIdGTFS": null, "color": "blue" }, "geometry": { "type": "Point", "coordinates": [ 25.293161, 54.721786 ] } },
{ "type": "Feature", "properties": { "Transportas": "Autobusai", "Marsrutas": "122", "ReisoID": 22560341215, "MasinosNumeris": 572, "Ilguma": 25418995, "Ilguma_new": 25.418995, "Platuma": 54685814, "Platuma_new": 54.685814, "Greitis": 27, "Azimutas": 298, "ReisoPradziaMinutemis": 735, "NuokrypisSekundemis": 64, "MatavimoLaikas": 44499, "MasinosTipas": "KWNZ", "KryptiesTipas": "B>A", "KryptiesPavadinimas": "Naujininkai", "ReisoIdGTFS": "A122-01-1-240826-ba-1220", "color": "blue" }, "geometry": { "type": "Point", "coordinates": [ 25.418995, 54.685814 ] } },
{ "type": "Feature", "properties": { "Transportas": "Autobusai", "Marsrutas": "122", "ReisoID": 22560351135, "MasinosNumeris": 570, "Ilguma": 25427373, "Ilguma_new": 25.427373, "Platuma": 54681866, "Platuma_new": 54.681866, "Greitis": 19, "Azimutas": 222, "ReisoPradziaMinutemis": 695, "NuokrypisSekundemis": 0, "MatavimoLaikas": 44493, "MasinosTipas": "KWNZ", "KryptiesTipas": "A>B", "KryptiesPavadinimas": "Naujoji Vilnia", "ReisoIdGTFS": "A122-02-1-240826-ba-1240", "color": "blue" }, "geometry": { "type": "Point", "coordinates": [ 25.427373, 54.681866 ] } },
{ "type": "Feature", "properties": { "Transportas": "Autobusai", "Marsrutas": "122", "ReisoID": 22560361205, "MasinosNumeris": 580, "Ilguma": 25331261, "Ilguma_new": 25.331261, "Platuma": 54654357, "Platuma_new": 54.654357, "Greitis": 22, "Azimutas": 46, "ReisoPradziaMinutemis": 725, "NuokrypisSekundemis": -35, "MatavimoLaikas": 44499, "MasinosTipas": "KWNZ", "KryptiesTipas": "A>B", "KryptiesPavadinimas": "Naujoji Vilnia", "ReisoIdGTFS": "A122-03-1-240826-ab-1210", "color": "blue" }, "geometry": { "type": "Point", "coordinates": [ 25.331261, 54.654357 ] } },
{ "type": "Feature", "properties": { "Transportas": "Autobusai", "Marsrutas": "122", "ReisoID": 22560371151, "MasinosNumeris": 568, "Ilguma": 25349538, "Ilguma_new": 25.349538, "Platuma": 54651546, "Platuma_new": 54.651546, "Greitis": 25, "Azimutas": 208, "ReisoPradziaMinutemis": 711, "NuokrypisSekundemis": 113, "MatavimoLaikas": 44498, "MasinosTipas": "KWNZ", "KryptiesTipas": "B>A", "KryptiesPavadinimas": "Naujininkai", "ReisoIdGTFS": "A122-04-1-240826-ba-1150", "color": "blue" }, "geometry": { "type": "Point", "coordinates": [ 25.349538, 54.651546 ] } },
{ "type": "Feature", "properties": { "Transportas": "Troleibusai", "Marsrutas": "9", "ReisoID": 22596191152, "MasinosNumeris": 2760, "Ilguma": 25241348, "Ilguma_new": 25.241348, "Platuma": 54699339, "Platuma_new": 54.699339, "Greitis": 35, "Azimutas": 276, "ReisoPradziaMinutemis": 712, "NuokrypisSekundemis": 26, "MatavimoLaikas": 44492, "MasinosTipas": "KWNZ", "KryptiesTipas": "B>A", "KryptiesPavadinimas": "Karoliniškės", "ReisoIdGTFS": "T9-01-1-240902-ba-1150", "color": "red" }, "geometry": { "type": "Point", "coordinates": [ 25.241348, 54.699339 ] } },
{ "type": "Feature", "properties": { "Transportas": "Troleibusai", "Marsrutas": "9", "ReisoID": 22596201214, "MasinosNumeris": 2711, "Ilguma": 25304270, "Ilguma_new": 25.30427, "Platuma": 54718302, "Platuma_new": 54.718302, "Greitis": 19, "Azimutas": 148, "ReisoPradziaMinutemis": 734, "NuokrypisSekundemis": 142, "MatavimoLaikas": 44496, "MasinosTipas": "KZ", "KryptiesTipas": "B>A", "KryptiesPavadinimas": "Karoliniškės", "ReisoIdGTFS": "T9-04-1-240902-ba-1210", "color": "red" }, "geometry": { "type": "Point", "coordinates": [ 25.30427, 54.718302 ] } },
{ "type": "Feature", "properties": { "Transportas": "Troleibusai", "Marsrutas": "9", "ReisoID": 22596211140, "MasinosNumeris": 2696, "Ilguma": 25302929, "Ilguma_new": 25.302929, "Platuma": 54719911, "Platuma_new": 54.719911, "Greitis": 0, "Azimutas": 332, "ReisoPradziaMinutemis": 700, "NuokrypisSekundemis": 140, "MatavimoLaikas": 44500, "MasinosTipas": "KZ", "KryptiesTipas": "A>B", "KryptiesPavadinimas": "Žirmūnai", "ReisoIdGTFS": "T9-06-1-240902-ab-1140", "color": "red" }, "geometry": { "type": "Point", "coordinates": [ 25.302929, 54.719911 ] } },
{ "type": "Feature", "properties": { "Transportas": "Troleibusai", "Marsrutas": "9", "ReisoID": 22596261132, "MasinosNumeris": 1727, "Ilguma": 25205920, "Ilguma_new": 25.20592, "Platuma": 54684803, "Platuma_new": 54.684803, "Greitis": 16, "Azimutas": 342, "ReisoPradziaMinutemis": 692, "NuokrypisSekundemis": 86, "MatavimoLaikas": 44486, "MasinosTipas": "KWZ", "KryptiesTipas": "B>A", "KryptiesPavadinimas": "Karoliniškės", "ReisoIdGTFS": "T9-03-1-240902-ab-1220", "color": "red" }, "geometry": { "type": "Point", "coordinates": [ 25.20592, 54.684803 ] } },
{ "type": "Feature", "properties": { "Transportas": "Troleibusai", "Marsrutas": "9", "ReisoID": 22596271200, "MasinosNumeris": 2805, "Ilguma": 25274912, "Ilguma_new": 25.274912, "Platuma": 54696197, "Platuma_new": 54.696197, "Greitis": 3, "Azimutas": 122, "ReisoPradziaMinutemis": 720, "NuokrypisSekundemis": 97, "MatavimoLaikas": 44498, "MasinosTipas": "KWNZ", "KryptiesTipas": "A>B", "KryptiesPavadinimas": "Žirmūnai", "ReisoIdGTFS": "T9-09-1-240902-ab-1200", "color": "red" }, "geometry": { "type": "Point", "coordinates": [ 25.274912, 54.696197 ] } },
{ "type": "Feature", "properties": { "Transportas": "Autobusai", "Marsrutas": "1", "ReisoID": 22598131154, "MasinosNumeris": 7002, "Ilguma": 25283063, "Ilguma_new": 25.283063, "Platuma": 54670652, "Platuma_new": 54.670652, "Greitis": 0, "Azimutas": 222, "ReisoPradziaMinutemis": 714, "NuokrypisSekundemis": 0, "MatavimoLaikas": 44490, "MasinosTipas": "KWZ", "KryptiesTipas": "B>A", "KryptiesPavadinimas": "Stotis", "ReisoIdGTFS": "A1-02-1-240829-ab-1230", "color": "blue" }, "geometry": { "type": "Point", "coordinates": [ 25.283063, 54.670652 ] } },
{ "type": "Feature", "properties": { "Transportas": "Autobusai", "Marsrutas": "1", "ReisoID": 22598141152, "MasinosNumeris": 7051, "Ilguma": 25276555, "Ilguma_new": 25.276555, "Platuma": 54635754, "Platuma_new": 54.635754, "Greitis": 0, "Azimutas": 180, "ReisoPradziaMinutemis": 712, "NuokrypisSekundemis": 305, "MatavimoLaikas": 44493, "MasinosTipas": "KWZ", "KryptiesTipas": "A>B", "KryptiesPavadinimas": "Rodūnios sodai", "ReisoIdGTFS": "A1-01-1-240829-ba-1230", "color": "blue" }, "geometry": { "type": "Point", "coordinates": [ 25.276555, 54.635754 ] } },
{ "type": "Feature", "properties": { "Transportas": "Autobusai", "Marsrutas": "13", "ReisoID": 22604671159, "MasinosNumeris": 7025, "Ilguma": 25282789, "Ilguma_new": 25.282789, "Platuma": 54671862, "Platuma_new": 54.671862, "Greitis": 7, "Azimutas": 332, "ReisoPradziaMinutemis": 719, "NuokrypisSekundemis": 178, "MatavimoLaikas": 44498, "MasinosTipas": "KWZ", "KryptiesTipas": "A>B", "KryptiesPavadinimas": "Vilkpėdė", "ReisoIdGTFS": "A13-01-1-240902-ab-1200", "color": "blue" }, "geometry": { "type": "Point", "coordinates": [ 25.282789, 54.671862 ] } },
{ "type": "Feature", "properties": { "Transportas": "Autobusai", "Marsrutas": "13", "ReisoID": 22604681148, "MasinosNumeris": 7017, "Ilguma": 25359183, "Ilguma_new": 25.359183, "Platuma": 54679210, "Platuma_new": 54.67921, "Greitis": 0, "Azimutas": 224, "ReisoPradziaMinutemis": 708, "NuokrypisSekundemis": 0, "MatavimoLaikas": 44486, "MasinosTipas": "KWZ", "KryptiesTipas": "B>A", "KryptiesPavadinimas": "Žemasis Pavilnys", "ReisoIdGTFS": "A13-02-1-240902-ab-1220", "color": "blue" }, "geometry": { "type": "Point", "coordinates": [ 25.359183, 54.67921 ] } },
{ "type": "Feature", "properties": { "Transportas": "Autobusai", "Marsrutas": "13", "ReisoID": 22604691215, "MasinosNumeris": 7078, "Ilguma": 25267012, "Ilguma_new": 25.267012, "Platuma": 54669622, "Platuma_new": 54.669622, "Greitis": 8, "Azimutas": 22, "ReisoPradziaMinutemis": 735, "NuokrypisSekundemis": 24, "MatavimoLaikas": 44498, "MasinosTipas": "KWZ", "KryptiesTipas": "B>A", "KryptiesPavadinimas": "Žemasis Pavilnys", "ReisoIdGTFS": "A13-03-1-240902-ba-1220", "color": "blue" }, "geometry": { "type": "Point", "coordinates": [ 25.267012, 54.669622 ] } },
{ "type": "Feature", "properties": { "Transportas": "Autobusai", "Marsrutas": "38", "ReisoID": 22604991150, "MasinosNumeris": 7001, "Ilguma": 25321248, "Ilguma_new": 25.321248, "Platuma": 54724249, "Platuma_new": 54.724249, "Greitis": 3, "Azimutas": 240, "ReisoPradziaMinutemis": 710, "NuokrypisSekundemis": 148, "MatavimoLaikas": 44498, "MasinosTipas": "KWZ", "KryptiesTipas": "B1>A1", "KryptiesPavadinimas": "Antakalnis", "ReisoIdGTFS": "A38-02-1-240902-b1a1-1150", "color": "blue" }, "geometry": { "type": "Point", "coordinates": [ 25.321248, 54.724249 ] } },
{ "type": "Feature", "properties": { "Transportas": "Autobusai", "Marsrutas": "41", "ReisoID": 22605021213, "MasinosNumeris": 7040, "Ilguma": 25277530, "Ilguma_new": 25.27753, "Platuma": 54672843, "Platuma_new": 54.672843, "Greitis": 0, "Azimutas": 266, "ReisoPradziaMinutemis": 733, "NuokrypisSekundemis": 194, "MatavimoLaikas": 44487, "MasinosTipas": "KWZ", "KryptiesTipas": "A>B", "KryptiesPavadinimas": "Užusienis", "ReisoIdGTFS": "A41-01-1-240902-ab-1210", "color": "blue" }, "geometry": { "type": "Point", "coordinates": [ 25.27753, 54.672843 ] } },
{ "type": "Feature", "properties": { "Transportas": "Autobusai", "Marsrutas": "31", "ReisoID": 22613671218, "MasinosNumeris": 4161, "Ilguma": 25286701, "Ilguma_new": 25.286701, "Platuma": 54674130, "Platuma_new": 54.67413, "Greitis": 0, "Azimutas": 90, "ReisoPradziaMinutemis": 738, "NuokrypisSekundemis": 17, "MatavimoLaikas": 44497, "MasinosTipas": "KWZD", "KryptiesTipas": "A>B", "KryptiesPavadinimas": "Naujoji Vilnia", "ReisoIdGTFS": "A31-01-1-240902-ab-1220", "color": "blue" }, "geometry": { "type": "Point", "coordinates": [ 25.286701, 54.67413 ] } },
{ "type": "Feature", "properties": { "Transportas": "Autobusai", "Marsrutas": "31", "ReisoID": 22613681154, "MasinosNumeris": 4190, "Ilguma": 25398060, "Ilguma_new": 25.39806, "Platuma": 54677788, "Platuma_new": 54.677788, "Greitis": 22, "Azimutas": 86, "ReisoPradziaMinutemis": 714, "NuokrypisSekundemis": 103, "MatavimoLaikas": 44497, "MasinosTipas": "KWNZD", "KryptiesTipas": "A>B", "KryptiesPavadinimas": "Naujoji Vilnia", "ReisoIdGTFS": "A31-03-1-240902-ab-1150", "color": "blue" }, "geometry": { "type": "Point", "coordinates": [ 25.39806, 54.677788 ] } },
{ "type": "Feature", "properties": { "Transportas": "Autobusai", "Marsrutas": "31", "ReisoID": 22613701130, "MasinosNumeris": 4170, "Ilguma": 25440512, "Ilguma_new": 25.440512, "Platuma": 54695332, "Platuma_new": 54.695332, "Greitis": 0, "Azimutas": 302, "ReisoPradziaMinutemis": 690, "NuokrypisSekundemis": 22, "MatavimoLaikas": 44497, "MasinosTipas": "KWZD", "KryptiesTipas": "A>B", "KryptiesPavadinimas": "Naujoji Vilnia", "ReisoIdGTFS": "A31-05-1-240902-ba-1220", "color": "blue" }, "geometry": { "type": "Point", "coordinates": [ 25.440512, 54.695332 ] } },
{ "type": "Feature", "properties": { "Transportas": "Autobusai", "Marsrutas": "31", "ReisoID": 22613721159, "MasinosNumeris": 4165, "Ilguma": 25346292, "Ilguma_new": 25.346292, "Platuma": 54665053, "Platuma_new": 54.665053, "Greitis": 10, "Azimutas": 256, "ReisoPradziaMinutemis": 719, "NuokrypisSekundemis": -42, "MatavimoLaikas": 44500, "MasinosTipas": "KWZD", "KryptiesTipas": "B>A", "KryptiesPavadinimas": "Stotis", "ReisoIdGTFS": "A31-06-1-240902-ba-1200", "color": "blue" }, "geometry": { "type": "Point", "coordinates": [ 25.346292, 54.665053 ] } },
{ "type": "Feature", "properties": { "Transportas": "Autobusai", "Marsrutas": "75", "ReisoID": 22768901210, "MasinosNumeris": 3106, "Ilguma": 25211708, "Ilguma_new": 25.211708, "Platuma": 54699614, "Platuma_new": 54.699614, "Greitis": 0, "Azimutas": 104, "ReisoPradziaMinutemis": 730, "NuokrypisSekundemis": 36, "MatavimoLaikas": 44491, "MasinosTipas": "KWZ", "KryptiesTipas": "B>A", "KryptiesPavadinimas": "Santariškės", "ReisoIdGTFS": "A75-05-1-240926-ba-1210", "color": "blue" }, "geometry": { "type": "Point", "coordinates": [ 25.211708, 54.699614 ] } },
{ "type": "Feature", "properties": { "Transportas": "Autobusai", "Marsrutas": "75", "ReisoID": 22768910611, "MasinosNumeris": 799, "Ilguma": 25214487, "Ilguma_new": 25.214487, "Platuma": 54704187, "Platuma_new": 54.704187, "Greitis": 0, "Azimutas": 188, "ReisoPradziaMinutemis": 371, "NuokrypisSekundemis": null, "MatavimoLaikas": 42877, "MasinosTipas": "KZ", "KryptiesTipas": "D>B", "KryptiesPavadinimas": "Pilaitė", "ReisoIdGTFS": "A75-06-1-240926-db-0610", "color": "blue" }, "geometry": { "type": "Point", "coordinates": [ 25.214487, 54.704187 ] } },
{ "type": "Feature", "properties": { "Transportas": "Autobusai", "Marsrutas": "75", "ReisoID": 22768921143, "MasinosNumeris": 787, "Ilguma": 25254600, "Ilguma_new": 25.2546, "Platuma": 54729017, "Platuma_new": 54.729017, "Greitis": 39, "Azimutas": 6, "ReisoPradziaMinutemis": 703, "NuokrypisSekundemis": 26, "MatavimoLaikas": 44499, "MasinosTipas": "KZ", "KryptiesTipas": "B>A", "KryptiesPavadinimas": "Santariškės", "ReisoIdGTFS": "A75-01-1-240926-ba-1140", "color": "blue" }, "geometry": { "type": "Point", "coordinates": [ 25.2546, 54.729017 ] } },
{ "type": "Feature", "properties": { "Transportas": "Autobusai", "Marsrutas": "75", "ReisoID": 22768931130, "MasinosNumeris": 762, "Ilguma": 25175789, "Ilguma_new": 25.175789, "Platuma": 54707364, "Platuma_new": 54.707364, "Greitis": 10, "Azimutas": 262, "ReisoPradziaMinutemis": 690, "NuokrypisSekundemis": 74, "MatavimoLaikas": 44493, "MasinosTipas": "Z", "KryptiesTipas": "A>B", "KryptiesPavadinimas": "Pilaitė", "ReisoIdGTFS": "A75-03-1-240926-ab-1130", "color": "blue" }, "geometry": { "type": "Point", "coordinates": [ 25.175789, 54.707364 ] } },
{ "type": "Feature", "properties": { "Transportas": "Autobusai", "Marsrutas": "75", "ReisoID": 22768951206, "MasinosNumeris": 708, "Ilguma": 25254507, "Ilguma_new": 25.254507, "Platuma": 54728912, "Platuma_new": 54.728912, "Greitis": 33, "Azimutas": 188, "ReisoPradziaMinutemis": 726, "NuokrypisSekundemis": 33, "MatavimoLaikas": 44495, "MasinosTipas": "KZ", "KryptiesTipas": "A>B", "KryptiesPavadinimas": "Pilaitė", "ReisoIdGTFS": "A75-04-1-240926-ab-1210", "color": "blue" }, "geometry": { "type": "Point", "coordinates": [ 25.254507, 54.728912 ] } },
{ "type": "Feature", "properties": { "Transportas": "Autobusai", "Marsrutas": "11", "ReisoID": 22796681210, "MasinosNumeris": 7045, "Ilguma": 25276399, "Ilguma_new": 25.276399, "Platuma": 54684895, "Platuma_new": 54.684895, "Greitis": 5, "Azimutas": 136, "ReisoPradziaMinutemis": 730, "NuokrypisSekundemis": 48, "MatavimoLaikas": 44492, "MasinosTipas": "KWZ", "KryptiesTipas": "A>B", "KryptiesPavadinimas": "Užupis", "ReisoIdGTFS": "A11-02-1-241004-ab-1210", "color": "blue" }, "geometry": { "type": "Point", "coordinates": [ 25.276399, 54.684895 ] } },
{ "type": "Feature", "properties": { "Transportas": "Autobusai", "Marsrutas": "11", "ReisoID": 22796691205, "MasinosNumeris": 7074, "Ilguma": 25265070, "Ilguma_new": 25.26507, "Platuma": 54688047, "Platuma_new": 54.688047, "Greitis": 10, "Azimutas": 284, "ReisoPradziaMinutemis": 725, "NuokrypisSekundemis": -46, "MatavimoLaikas": 44493, "MasinosTipas": "Z", "KryptiesTipas": "B>A", "KryptiesPavadinimas": "Žvėrynas", "ReisoIdGTFS": "A11-01-1-241004-ba-1210", "color": "blue" }, "geometry": { "type": "Point", "coordinates": [ 25.26507, 54.688047 ] } },
{ "type": "Feature", "properties": { "Transportas": "Autobusai", "Marsrutas": "116", "ReisoID": 22796711220, "MasinosNumeris": 7013, "Ilguma": 25243302, "Ilguma_new": 25.243302, "Platuma": 54699392, "Platuma_new": 54.699392, "Greitis": 22, "Azimutas": 292, "ReisoPradziaMinutemis": 740, "NuokrypisSekundemis": 69, "MatavimoLaikas": 44499, "MasinosTipas": "KWZ", "KryptiesTipas": "A>B", "KryptiesPavadinimas": "Ungurių g.", "ReisoIdGTFS": "A116-01-1-241004-ab-1220", "color": "blue" }, "geometry": { "type": "Point", "coordinates": [ 25.243302, 54.699392 ] } },
{ "type": "Feature", "properties": { "Transportas": "Autobusai", "Marsrutas": "116", "ReisoID": 22796721148, "MasinosNumeris": 7023, "Ilguma": 25207807, "Ilguma_new": 25.207807, "Platuma": 54655060, "Platuma_new": 54.65506, "Greitis": 40, "Azimutas": 176, "ReisoPradziaMinutemis": 708, "NuokrypisSekundemis": 0, "MatavimoLaikas": 44495, "MasinosTipas": "KWZ", "KryptiesTipas": "A>B", "KryptiesPavadinimas": "Ungurių g.", "ReisoIdGTFS": "A116-02-1-241004-ba-1230", "color": "blue" }, "geometry": { "type": "Point", "coordinates": [ 25.207807, 54.65506 ] } },
{ "type": "Feature", "properties": { "Transportas": "Autobusai", "Marsrutas": "54", "ReisoID": 22852781135, "MasinosNumeris": 3107, "Ilguma": 25269888, "Ilguma_new": 25.269888, "Platuma": 54671874, "Platuma_new": 54.671874, "Greitis": 17, "Azimutas": 72, "ReisoPradziaMinutemis": 695, "NuokrypisSekundemis": 14, "MatavimoLaikas": 44499, "MasinosTipas": "KWZ", "KryptiesTipas": "A>B", "KryptiesPavadinimas": "Stotis", "ReisoIdGTFS": "A54-01-1-241012-ab-1140", "color": "blue" }, "geometry": { "type": "Point", "coordinates": [ 25.269888, 54.671874 ] } },
{ "type": "Feature", "properties": { "Transportas": "Autobusai", "Marsrutas": "54", "ReisoID": 22852811149, "MasinosNumeris": 3115, "Ilguma": 25215010, "Ilguma_new": 25.21501, "Platuma": 54691061, "Platuma_new": 54.691061, "Greitis": 0, "Azimutas": 42, "ReisoPradziaMinutemis": 709, "NuokrypisSekundemis": -30, "MatavimoLaikas": 44499, "MasinosTipas": "KWZ", "KryptiesTipas": "B>A", "KryptiesPavadinimas": "Pilaitė", "ReisoIdGTFS": "A54-04-1-241012-ba-1150", "color": "blue" }, "geometry": { "type": "Point", "coordinates": [ 25.21501, 54.691061 ] } },
{ "type": "Feature", "properties": { "Transportas": "Autobusai", "Marsrutas": "54", "ReisoID": 22852820639, "MasinosNumeris": 3101, "Ilguma": 25214456, "Ilguma_new": 25.214456, "Platuma": 54703946, "Platuma_new": 54.703946, "Greitis": 0, "Azimutas": 358, "ReisoPradziaMinutemis": 399, "NuokrypisSekundemis": null, "MatavimoLaikas": 44115, "MasinosTipas": "KWZ", "KryptiesTipas": "D>A", "KryptiesPavadinimas": "Pilaitė", "ReisoIdGTFS": "A54-05-1-241012-da-0640", "color": "blue" }, "geometry": { "type": "Point", "coordinates": [ 25.214456, 54.703946 ] } },
{ "type": "Feature", "properties": { "Transportas": "Autobusai", "Marsrutas": "54", "ReisoID": 22852831222, "MasinosNumeris": 792, "Ilguma": 25173277, "Ilguma_new": 25.173277, "Platuma": 54703327, "Platuma_new": 54.703327, "Greitis": 4, "Azimutas": 82, "ReisoPradziaMinutemis": 742, "NuokrypisSekundemis": -62, "MatavimoLaikas": 44497, "MasinosTipas": "KZ", "KryptiesTipas": "A>B", "KryptiesPavadinimas": "Stotis", "ReisoIdGTFS": "A54-06-1-241012-ab-1220", "color": "blue" }, "geometry": { "type": "Point", "coordinates": [ 25.173277, 54.703327 ] } },
{ "type": "Feature", "properties": { "Transportas": "Troleibusai", "Marsrutas": "4", "ReisoID": 22853421138, "MasinosNumeris": 1703, "Ilguma": 25218464, "Ilguma_new": 25.218464, "Platuma": 54651095, "Platuma_new": 54.651095, "Greitis": 46, "Azimutas": 226, "ReisoPradziaMinutemis": 698, "NuokrypisSekundemis": -15, "MatavimoLaikas": 44499, "MasinosTipas": "KZ", "KryptiesTipas": "A>B", "KryptiesPavadinimas": "Žemieji Paneriai", "ReisoIdGTFS": "T4-04-1-241012-ab-1140", "color": "red" }, "geometry": { "type": "Point", "coordinates": [ 25.218464, 54.651095 ] } },
{ "type": "Feature", "properties": { "Transportas": "Troleibusai", "Marsrutas": "4", "ReisoID": 22853441153, "MasinosNumeris": 1820, "Ilguma": 25264693, "Ilguma_new": 25.264693, "Platuma": 54681610, "Platuma_new": 54.68161, "Greitis": 0, "Azimutas": 192, "ReisoPradziaMinutemis": 713, "NuokrypisSekundemis": -35, "MatavimoLaikas": 44494, "MasinosTipas": "KWNZ", "KryptiesTipas": "A>B", "KryptiesPavadinimas": "Žemieji Paneriai", "ReisoIdGTFS": "T4-06-1-241012-ab-1150", "color": "red" }, "geometry": { "type": "Point", "coordinates": [ 25.264693, 54.68161 ] } },
{ "type": "Feature", "properties": { "Transportas": "Troleibusai", "Marsrutas": "4", "ReisoID": 22853461208, "MasinosNumeris": 1710, "Ilguma": 25308032, "Ilguma_new": 25.308032, "Platuma": 54696208, "Platuma_new": 54.696208, "Greitis": 0, "Azimutas": 208, "ReisoPradziaMinutemis": 728, "NuokrypisSekundemis": 55, "MatavimoLaikas": 44498, "MasinosTipas": "Z", "KryptiesTipas": "A>B", "KryptiesPavadinimas": "Žemieji Paneriai", "ReisoIdGTFS": "T4-07-1-241012-ab-1210", "color": "red" }, "geometry": { "type": "Point", "coordinates": [ 25.308032, 54.696208 ] } },
{ "type": "Feature", "properties": { "Transportas": "Troleibusai", "Marsrutas": "4", "ReisoID": 22853471137, "MasinosNumeris": 1830, "Ilguma": 25316457, "Ilguma_new": 25.316457, "Platuma": 54716369, "Platuma_new": 54.716369, "Greitis": 21, "Azimutas": 2, "ReisoPradziaMinutemis": 697, "NuokrypisSekundemis": -5, "MatavimoLaikas": 44500, "MasinosTipas": "KWNZ", "KryptiesTipas": "B>A", "KryptiesPavadinimas": "Antakalnis", "ReisoIdGTFS": "T4-03-1-241012-ba-1140", "color": "red" }, "geometry": { "type": "Point", "coordinates": [ 25.316457, 54.716369 ] } },
{ "type": "Feature", "properties": { "Transportas": "Troleibusai", "Marsrutas": "4", "ReisoID": 22853481221, "MasinosNumeris": 1745, "Ilguma": 25202289, "Ilguma_new": 25.202289, "Platuma": 54643213, "Platuma_new": 54.643213, "Greitis": 18, "Azimutas": 124, "ReisoPradziaMinutemis": 741, "NuokrypisSekundemis": 14, "MatavimoLaikas": 44495, "MasinosTipas": "KWNZ", "KryptiesTipas": "B>A", "KryptiesPavadinimas": "Antakalnis", "ReisoIdGTFS": "T4-01-1-241012-ba-1220", "color": "red" }, "geometry": { "type": "Point", "coordinates": [ 25.202289, 54.643213 ] } },
{ "type": "Feature", "properties": { "Transportas": "Troleibusai", "Marsrutas": "4", "ReisoID": 22853501221, "MasinosNumeris": 1704, "Ilguma": 25318062, "Ilguma_new": 25.318062, "Platuma": 54723575, "Platuma_new": 54.723575, "Greitis": 20, "Azimutas": 332, "ReisoPradziaMinutemis": 741, "NuokrypisSekundemis": 10, "MatavimoLaikas": 44499, "MasinosTipas": "KZ", "KryptiesTipas": "A>B", "KryptiesPavadinimas": "Žemieji Paneriai", "ReisoIdGTFS": "T4-09-1-241012-ab-1220", "color": "red" }, "geometry": { "type": "Point", "coordinates": [ 25.318062, 54.723575 ] } },
{ "type": "Feature", "properties": { "Transportas": "Troleibusai", "Marsrutas": "4", "ReisoID": 22853521149, "MasinosNumeris": 1698, "Ilguma": 25282732, "Ilguma_new": 25.282732, "Platuma": 54690529, "Platuma_new": 54.690529, "Greitis": 34, "Azimutas": 116, "ReisoPradziaMinutemis": 709, "NuokrypisSekundemis": 154, "MatavimoLaikas": 44498, "MasinosTipas": "KZ", "KryptiesTipas": "B>A", "KryptiesPavadinimas": "Antakalnis", "ReisoIdGTFS": "T4-11-1-241012-ba-1150", "color": "red" }, "geometry": { "type": "Point", "coordinates": [ 25.282732, 54.690529 ] } },
{ "type": "Feature", "properties": { "Transportas": "Troleibusai", "Marsrutas": "4", "ReisoID": 22853541200, "MasinosNumeris": 1682, "Ilguma": 25262207, "Ilguma_new": 25.262207, "Platuma": 54680537, "Platuma_new": 54.680537, "Greitis": 27, "Azimutas": 68, "ReisoPradziaMinutemis": 720, "NuokrypisSekundemis": 108, "MatavimoLaikas": 44491, "MasinosTipas": "KZ", "KryptiesTipas": "B>A", "KryptiesPavadinimas": "Antakalnis", "ReisoIdGTFS": "T4-13-1-241012-ba-1200", "color": "red" }, "geometry": { "type": "Point", "coordinates": [ 25.262207, 54.680537 ] } },
{ "type": "Feature", "properties": { "Transportas": "Troleibusai", "Marsrutas": "4", "ReisoID": 22853581210, "MasinosNumeris": 1721, "Ilguma": 25239225, "Ilguma_new": 25.239225, "Platuma": 54668200, "Platuma_new": 54.6682, "Greitis": 18, "Azimutas": 52, "ReisoPradziaMinutemis": 730, "NuokrypisSekundemis": -13, "MatavimoLaikas": 44499, "MasinosTipas": "KWZ", "KryptiesTipas": "B>A", "KryptiesPavadinimas": "Antakalnis", "ReisoIdGTFS": "T4-17-1-241012-ba-1210", "color": "red" }, "geometry": { "type": "Point", "coordinates": [ 25.239225, 54.6682 ] } },
{ "type": "Feature", "properties": { "Transportas": "Troleibusai", "Marsrutas": "18", "ReisoID": 22854691132, "MasinosNumeris": 2752, "Ilguma": 25219009, "Ilguma_new": 25.219009, "Platuma": 54734771, "Platuma_new": 54.734771, "Greitis": 0, "Azimutas": 130, "ReisoPradziaMinutemis": 692, "NuokrypisSekundemis": 0, "MatavimoLaikas": 44496, "MasinosTipas": "KWNZ", "KryptiesTipas": "B>A", "KryptiesPavadinimas": "Pašilaičiai", "ReisoIdGTFS": "T18-02-1-241012-ab-1230", "color": "red" }, "geometry": { "type": "Point", "coordinates": [ 25.219009, 54.734771 ] } },
{ "type": "Feature", "properties": { "Transportas": "Troleibusai", "Marsrutas": "18", "ReisoID": 22854711201, "MasinosNumeris": 2808, "Ilguma": 25213290, "Ilguma_new": 25.21329, "Platuma": 54679241, "Platuma_new": 54.679241, "Greitis": 0, "Azimutas": 306, "ReisoPradziaMinutemis": 721, "NuokrypisSekundemis": 1, "MatavimoLaikas": 44496, "MasinosTipas": "KWNZ", "KryptiesTipas": "B>A", "KryptiesPavadinimas": "Pašilaičiai", "ReisoIdGTFS": "T18-05-1-241012-ba-1200", "color": "red" }, "geometry": { "type": "Point", "coordinates": [ 25.21329, 54.679241 ] } },
{ "type": "Feature", "properties": { "Transportas": "Troleibusai", "Marsrutas": "18", "ReisoID": 22854721210, "MasinosNumeris": 2788, "Ilguma": 25221777, "Ilguma_new": 25.221777, "Platuma": 54703482, "Platuma_new": 54.703482, "Greitis": 33, "Azimutas": 96, "ReisoPradziaMinutemis": 730, "NuokrypisSekundemis": 27, "MatavimoLaikas": 44497, "MasinosTipas": "KWNZ", "KryptiesTipas": "A>B", "KryptiesPavadinimas": "Titnago g.", "ReisoIdGTFS": "T18-01-1-241012-ab-1210", "color": "red" }, "geometry": { "type": "Point", "coordinates": [ 25.221777, 54.703482 ] } },
{ "type": "Feature", "properties": { "Transportas": "Troleibusai", "Marsrutas": "18", "ReisoID": 22854731146, "MasinosNumeris": 2798, "Ilguma": 25222847, "Ilguma_new": 25.222847, "Platuma": 54720646, "Platuma_new": 54.720646, "Greitis": 0, "Azimutas": 0, "ReisoPradziaMinutemis": 706, "NuokrypisSekundemis": -142, "MatavimoLaikas": 44500, "MasinosTipas": "KWNZ", "KryptiesTipas": "B>A", "KryptiesPavadinimas": "Pašilaičiai", "ReisoIdGTFS": "T18-03-1-241012-ba-1150", "color": "red" }, "geometry": { "type": "Point", "coordinates": [ 25.222847, 54.720646 ] } },
{ "type": "Feature", "properties": { "Transportas": "Troleibusai", "Marsrutas": "18", "ReisoID": 22854761215, "MasinosNumeris": 2779, "Ilguma": 25210307, "Ilguma_new": 25.210307, "Platuma": 54646271, "Platuma_new": 54.646271, "Greitis": 21, "Azimutas": 48, "ReisoPradziaMinutemis": 735, "NuokrypisSekundemis": 5, "MatavimoLaikas": 44491, "MasinosTipas": "KWNZ", "KryptiesTipas": "B>A", "KryptiesPavadinimas": "Pašilaičiai", "ReisoIdGTFS": "T18-08-1-241012-ba-1220", "color": "red" }, "geometry": { "type": "Point", "coordinates": [ 25.210307, 54.646271 ] } },
{ "type": "Feature", "properties": { "Transportas": "Troleibusai", "Marsrutas": "18", "ReisoID": 22854771157, "MasinosNumeris": 2750, "Ilguma": 25220732, "Ilguma_new": 25.220732, "Platuma": 54676977, "Platuma_new": 54.676977, "Greitis": 39, "Azimutas": 138, "ReisoPradziaMinutemis": 717, "NuokrypisSekundemis": 79, "MatavimoLaikas": 44497, "MasinosTipas": "KWZ", "KryptiesTipas": "A>B", "KryptiesPavadinimas": "Titnago g.", "ReisoIdGTFS": "T18-12-1-241012-ab-1200", "color": "red" }, "geometry": { "type": "Point", "coordinates": [ 25.220732, 54.676977 ] } },
{ "type": "Feature", "properties": { "Transportas": "Troleibusai", "Marsrutas": "18", "ReisoID": 22854781144, "MasinosNumeris": 2796, "Ilguma": 25202140, "Ilguma_new": 25.20214, "Platuma": 54644023, "Platuma_new": 54.644023, "Greitis": 14, "Azimutas": 258, "ReisoPradziaMinutemis": 704, "NuokrypisSekundemis": 87, "MatavimoLaikas": 44498, "MasinosTipas": "KWNZ", "KryptiesTipas": "A>B", "KryptiesPavadinimas": "Titnago g.", "ReisoIdGTFS": "T18-10-1-241012-ab-1140", "color": "red" }, "geometry": { "type": "Point", "coordinates": [ 25.20214, 54.644023 ] } },
{ "type": "Feature", "properties": { "Transportas": "Troleibusai", "Marsrutas": "19", "ReisoID": 22854881210, "MasinosNumeris": 2780, "Ilguma": 25223826, "Ilguma_new": 25.223826, "Platuma": 54702610, "Platuma_new": 54.70261, "Greitis": 11, "Azimutas": 204, "ReisoPradziaMinutemis": 730, "NuokrypisSekundemis": 8, "MatavimoLaikas": 44499, "MasinosTipas": "KWNZ", "KryptiesTipas": "A>B", "KryptiesPavadinimas": "Saulėtekis", "ReisoIdGTFS": "T19-02-1-241012-ab-1210", "color": "red" }, "geometry": { "type": "Point", "coordinates": [ 25.223826, 54.70261 ] } },
{ "type": "Feature", "properties": { "Transportas": "Troleibusai", "Marsrutas": "19", "ReisoID": 22854891205, "MasinosNumeris": 2781, "Ilguma": 25308668, "Ilguma_new": 25.308668, "Platuma": 54697821, "Platuma_new": 54.697821, "Greitis": 50, "Azimutas": 184, "ReisoPradziaMinutemis": 725, "NuokrypisSekundemis": 65, "MatavimoLaikas": 44492, "MasinosTipas": "KWNZ", "KryptiesTipas": "B>A", "KryptiesPavadinimas": "Pašilaičiai", "ReisoIdGTFS": "T19-04-1-241012-ba-1210", "color": "red" }, "geometry": { "type": "Point", "coordinates": [ 25.308668, 54.697821 ] } },
{ "type": "Feature", "properties": { "Transportas": "Troleibusai", "Marsrutas": "19", "ReisoID": 22854901152, "MasinosNumeris": 2783, "Ilguma": 25259771, "Ilguma_new": 25.259771, "Platuma": 54698796, "Platuma_new": 54.698796, "Greitis": 3, "Azimutas": 284, "ReisoPradziaMinutemis": 712, "NuokrypisSekundemis": -89, "MatavimoLaikas": 44498, "MasinosTipas": "KWNZ", "KryptiesTipas": "B>A", "KryptiesPavadinimas": "Pašilaičiai", "ReisoIdGTFS": "T19-03-1-241012-ba-1150", "color": "red" }, "geometry": { "type": "Point", "coordinates": [ 25.259771, 54.698796 ] } },
{ "type": "Feature", "properties": { "Transportas": "Troleibusai", "Marsrutas": "19", "ReisoID": 22854911144, "MasinosNumeris": 2792, "Ilguma": 25308660, "Ilguma_new": 25.30866, "Platuma": 54696782, "Platuma_new": 54.696782, "Greitis": 0, "Azimutas": 14, "ReisoPradziaMinutemis": 704, "NuokrypisSekundemis": 133, "MatavimoLaikas": 44494, "MasinosTipas": "KWNZ", "KryptiesTipas": "A>B", "KryptiesPavadinimas": "Saulėtekis", "ReisoIdGTFS": "T19-01-1-241012-ab-1140", "color": "red" }, "geometry": { "type": "Point", "coordinates": [ 25.30866, 54.696782 ] } },
{ "type": "Feature", "properties": { "Transportas": "Troleibusai", "Marsrutas": "19", "ReisoID": 22854921157, "MasinosNumeris": 2790, "Ilguma": 25273657, "Ilguma_new": 25.273657, "Platuma": 54696530, "Platuma_new": 54.69653, "Greitis": 26, "Azimutas": 122, "ReisoPradziaMinutemis": 717, "NuokrypisSekundemis": 68, "MatavimoLaikas": 44496, "MasinosTipas": "KWNZ", "KryptiesTipas": "A>B", "KryptiesPavadinimas": "Saulėtekis", "ReisoIdGTFS": "T19-05-1-241012-ab-1200", "color": "red" }, "geometry": { "type": "Point", "coordinates": [ 25.273657, 54.69653 ] } },
{ "type": "Feature", "properties": { "Transportas": "Troleibusai", "Marsrutas": "19", "ReisoID": 22854931126, "MasinosNumeris": 2713, "Ilguma": 25234327, "Ilguma_new": 25.234327, "Platuma": 54728294, "Platuma_new": 54.728294, "Greitis": 0, "Azimutas": 212, "ReisoPradziaMinutemis": 686, "NuokrypisSekundemis": 0, "MatavimoLaikas": 44494, "MasinosTipas": "KZ", "KryptiesTipas": "B>A", "KryptiesPavadinimas": "Pašilaičiai", "ReisoIdGTFS": "T19-08-1-241012-ab-1230", "color": "red" }, "geometry": { "type": "Point", "coordinates": [ 25.234327, 54.728294 ] } },
{ "type": "Feature", "properties": { "Transportas": "Troleibusai", "Marsrutas": "19", "ReisoID": 22854941219, "MasinosNumeris": 1740, "Ilguma": 25335099, "Ilguma_new": 25.335099, "Platuma": 54724033, "Platuma_new": 54.724033, "Greitis": 35, "Azimutas": 278, "ReisoPradziaMinutemis": 739, "NuokrypisSekundemis": 126, "MatavimoLaikas": 44497, "MasinosTipas": "KWNZ", "KryptiesTipas": "B>A", "KryptiesPavadinimas": "Pašilaičiai", "ReisoIdGTFS": "T19-06-1-241012-ba-1220", "color": "red" }, "geometry": { "type": "Point", "coordinates": [ 25.335099, 54.724033 ] } },
{ "type": "Feature", "properties": { "Transportas": "Troleibusai", "Marsrutas": "19", "ReisoID": 22854951132, "MasinosNumeris": 2782, "Ilguma": 25340840, "Ilguma_new": 25.34084, "Platuma": 54724935, "Platuma_new": 54.724935, "Greitis": 12, "Azimutas": 198, "ReisoPradziaMinutemis": 692, "NuokrypisSekundemis": 0, "MatavimoLaikas": 44499, "MasinosTipas": "KWNZ", "KryptiesTipas": "A>B", "KryptiesPavadinimas": "Saulėtekis", "ReisoIdGTFS": "T19-07-1-241012-ba-1230", "color": "red" }, "geometry": { "type": "Point", "coordinates": [ 25.34084, 54.724935 ] } },
{ "type": "Feature", "properties": { "Transportas": "Troleibusai", "Marsrutas": "19", "ReisoID": 22854971139, "MasinosNumeris": 2793, "Ilguma": 25226751, "Ilguma_new": 25.226751, "Platuma": 54706833, "Platuma_new": 54.706833, "Greitis": 0, "Azimutas": 8, "ReisoPradziaMinutemis": 699, "NuokrypisSekundemis": 113, "MatavimoLaikas": 44500, "MasinosTipas": "KWNZ", "KryptiesTipas": "B>A", "KryptiesPavadinimas": "Pašilaičiai", "ReisoIdGTFS": "T19-10-1-241012-ba-1140", "color": "red" }, "geometry": { "type": "Point", "coordinates": [ 25.226751, 54.706833 ] } },
{ "type": "Feature", "properties": { "Transportas": "Autobusai", "Marsrutas": "15", "ReisoID": 22861271205, "MasinosNumeris": 7014, "Ilguma": 25328815, "Ilguma_new": 25.328815, "Platuma": 54729789, "Platuma_new": 54.729789, "Greitis": 16, "Azimutas": 124, "ReisoPradziaMinutemis": 725, "NuokrypisSekundemis": 97, "MatavimoLaikas": 44497, "MasinosTipas": "KWZ", "KryptiesTipas": "B>A", "KryptiesPavadinimas": "Žolyno g.", "ReisoIdGTFS": "A15-01-1-241012-ba-1210", "color": "blue" }, "geometry": { "type": "Point", "coordinates": [ 25.328815, 54.729789 ] } },
{ "type": "Feature", "properties": { "Transportas": "Autobusai", "Marsrutas": "15", "ReisoID": 22861281210, "MasinosNumeris": 7008, "Ilguma": 25329442, "Ilguma_new": 25.329442, "Platuma": 54728976, "Platuma_new": 54.728976, "Greitis": 25, "Azimutas": 42, "ReisoPradziaMinutemis": 730, "NuokrypisSekundemis": 52, "MatavimoLaikas": 44491, "MasinosTipas": "KWZ", "KryptiesTipas": "A>B", "KryptiesPavadinimas": "Turniškės", "ReisoIdGTFS": "A15-02-1-241012-ab-1210", "color": "blue" }, "geometry": { "type": "Point", "coordinates": [ 25.329442, 54.728976 ] } },
{ "type": "Feature", "properties": { "Transportas": "Autobusai", "Marsrutas": "62", "ReisoID": 22861361133, "MasinosNumeris": 7049, "Ilguma": 25213704, "Ilguma_new": 25.213704, "Platuma": 54678000, "Platuma_new": 54.678, "Greitis": 0, "Azimutas": 264, "ReisoPradziaMinutemis": 693, "NuokrypisSekundemis": 0, "MatavimoLaikas": 44496, "MasinosTipas": "KWZ", "KryptiesTipas": "A>B", "KryptiesPavadinimas": "Lazdynai", "ReisoIdGTFS": "A62-01-1-241012-ba-1230", "color": "blue" }, "geometry": { "type": "Point", "coordinates": [ 25.213704, 54.678 ] } },
{ "type": "Feature", "properties": { "Transportas": "Autobusai", "Marsrutas": "62", "ReisoID": 22861371139, "MasinosNumeris": 7053, "Ilguma": 25209175, "Ilguma_new": 25.209175, "Platuma": 54645676, "Platuma_new": 54.645676, "Greitis": 37, "Azimutas": 48, "ReisoPradziaMinutemis": 699, "NuokrypisSekundemis": 0, "MatavimoLaikas": 44497, "MasinosTipas": "KWZ", "KryptiesTipas": "B>A", "KryptiesPavadinimas": "Žemieji Paneriai", "ReisoIdGTFS": "A62-02-1-241012-ab-1240", "color": "blue" }, "geometry": { "type": "Point", "coordinates": [ 25.209175, 54.645676 ] } },
{ "type": "Feature", "properties": { "Transportas": "Autobusai", "Marsrutas": "5G", "ReisoID": 22861871206, "MasinosNumeris": 4578, "Ilguma": 25295601, "Ilguma_new": 25.295601, "Platuma": 54717503, "Platuma_new": 54.717503, "Greitis": 14, "Azimutas": 242, "ReisoPradziaMinutemis": 726, "NuokrypisSekundemis": 122, "MatavimoLaikas": 44496, "MasinosTipas": "KWNZD", "KryptiesTipas": "B>A", "KryptiesPavadinimas": "Pašilaičiai", "ReisoIdGTFS": "A5G-01-1-241012-ba-1210", "color": "blue" }, "geometry": { "type": "Point", "coordinates": [ 25.295601, 54.717503 ] } },
{ "type": "Feature", "properties": { "Transportas": "Autobusai", "Marsrutas": "5G", "ReisoID": 22861881218, "MasinosNumeris": 4561, "Ilguma": 25326525, "Ilguma_new": 25.326525, "Platuma": 54726811, "Platuma_new": 54.726811, "Greitis": 8, "Azimutas": 306, "ReisoPradziaMinutemis": 738, "NuokrypisSekundemis": 8, "MatavimoLaikas": 44497, "MasinosTipas": "KWZD", "KryptiesTipas": "B>A", "KryptiesPavadinimas": "Pašilaičiai", "ReisoIdGTFS": "A5G-11-1-241012-ba-1220", "color": "blue" }, "geometry": { "type": "Point", "coordinates": [ 25.326525, 54.726811 ] } },
{ "type": "Feature", "properties": { "Transportas": "Autobusai", "Marsrutas": "5G", "ReisoID": 22861901142, "MasinosNumeris": 4580, "Ilguma": 25219493, "Ilguma_new": 25.219493, "Platuma": 54735077, "Platuma_new": 54.735077, "Greitis": 0, "Azimutas": 262, "ReisoPradziaMinutemis": 702, "NuokrypisSekundemis": 0, "MatavimoLaikas": 44499, "MasinosTipas": "KWNZD", "KryptiesTipas": "B>A", "KryptiesPavadinimas": "Pašilaičiai", "ReisoIdGTFS": "A5G-07-1-241012-ab-1220", "color": "blue" }, "geometry": { "type": "Point", "coordinates": [ 25.219493, 54.735077 ] } },
{ "type": "Feature", "properties": { "Transportas": "Autobusai", "Marsrutas": "5G", "ReisoID": 22861911143, "MasinosNumeris": 4576, "Ilguma": 25340922, "Ilguma_new": 25.340922, "Platuma": 54724760, "Platuma_new": 54.72476, "Greitis": 0, "Azimutas": 190, "ReisoPradziaMinutemis": 703, "NuokrypisSekundemis": 0, "MatavimoLaikas": 44491, "MasinosTipas": "KWNZD", "KryptiesTipas": "A>B", "KryptiesPavadinimas": "Saulėtekis", "ReisoIdGTFS": "A5G-03-1-241012-ba-1230", "color": "blue" }, "geometry": { "type": "Point", "coordinates": [ 25.340922, 54.72476 ] } },
{ "type": "Feature", "properties": { "Transportas": "Autobusai", "Marsrutas": "5G", "ReisoID": 22861921211, "MasinosNumeris": 4595, "Ilguma": 25236321, "Ilguma_new": 25.236321, "Platuma": 54714175, "Platuma_new": 54.714175, "Greitis": 31, "Azimutas": 130, "ReisoPradziaMinutemis": 731, "NuokrypisSekundemis": 15, "MatavimoLaikas": 44499, "MasinosTipas": "KZ", "KryptiesTipas": "A>B", "KryptiesPavadinimas": "Saulėtekis", "ReisoIdGTFS": "A5G-05-1-241012-ab-1210", "color": "blue" }, "geometry": { "type": "Point", "coordinates": [ 25.236321, 54.714175 ] } },
{ "type": "Feature", "properties": { "Transportas": "Autobusai", "Marsrutas": "5G", "ReisoID": 22861931155, "MasinosNumeris": 4600, "Ilguma": 25226761, "Ilguma_new": 25.226761, "Platuma": 54716702, "Platuma_new": 54.716702, "Greitis": 31, "Azimutas": 272, "ReisoPradziaMinutemis": 715, "NuokrypisSekundemis": -150, "MatavimoLaikas": 44495, "MasinosTipas": "KWNZD", "KryptiesTipas": "B>A", "KryptiesPavadinimas": "Pašilaičiai", "ReisoIdGTFS": "A5G-09-1-241012-ba-1200", "color": "blue" }, "geometry": { "type": "Point", "coordinates": [ 25.226761, 54.716702 ] } },
{ "type": "Feature", "properties": { "Transportas": "Autobusai", "Marsrutas": "5G", "ReisoID": 22861951052, "MasinosNumeris": 772, "Ilguma": 25292391, "Ilguma_new": 25.292391, "Platuma": 54720250, "Platuma_new": 54.72025, "Greitis": 0, "Azimutas": 104, "ReisoPradziaMinutemis": 652, "NuokrypisSekundemis": 0, "MatavimoLaikas": 44496, "MasinosTipas": "KZ", "KryptiesTipas": "B1>D", "KryptiesPavadinimas": "Autobusų parkas (Verkių g.)", "ReisoIdGTFS": "A5G-06-1-241012-db-1610", "color": "blue" }, "geometry": { "type": "Point", "coordinates": [ 25.292391, 54.72025 ] } },
{ "type": "Feature", "properties": { "Transportas": "Autobusai", "Marsrutas": "5G", "ReisoID": 22861971113, "MasinosNumeris": 4018, "Ilguma": 25292869, "Ilguma_new": 25.292869, "Platuma": 54721014, "Platuma_new": 54.721014, "Greitis": 0, "Azimutas": 84, "ReisoPradziaMinutemis": 673, "NuokrypisSekundemis": 0, "MatavimoLaikas": 44497, "MasinosTipas": "Z", "KryptiesTipas": "B1>D", "KryptiesPavadinimas": "Autobusų parkas (Verkių g.)", "ReisoIdGTFS": "A5G-10-1-241012-db-1630", "color": "blue" }, "geometry": { "type": "Point", "coordinates": [ 25.292869, 54.721014 ] } },
{ "type": "Feature", "properties": { "Transportas": "Autobusai", "Marsrutas": "5G", "ReisoID": 22861981156, "MasinosNumeris": 4583, "Ilguma": 25291501, "Ilguma_new": 25.291501, "Platuma": 54716102, "Platuma_new": 54.716102, "Greitis": 5, "Azimutas": 62, "ReisoPradziaMinutemis": 716, "NuokrypisSekundemis": 208, "MatavimoLaikas": 44489, "MasinosTipas": "KWNZD", "KryptiesTipas": "A>B", "KryptiesPavadinimas": "Saulėtekis", "ReisoIdGTFS": "A5G-12-1-241012-ab-1200", "color": "blue" }, "geometry": { "type": "Point", "coordinates": [ 25.291501, 54.716102 ] } },
{ "type": "Feature", "properties": { "Transportas": "Autobusai", "Marsrutas": "18", "ReisoID": 22862321145, "MasinosNumeris": 3036, "Ilguma": 25411158, "Ilguma_new": 25.411158, "Platuma": 54688812, "Platuma_new": 54.688812, "Greitis": 5, "Azimutas": 178, "ReisoPradziaMinutemis": 705, "NuokrypisSekundemis": -29, "MatavimoLaikas": 44496, "MasinosTipas": "KZ", "KryptiesTipas": "A>B", "KryptiesPavadinimas": "Parko g.", "ReisoIdGTFS": "A18-04-1-241012-ab-1150", "color": "blue" }, "geometry": { "type": "Point", "coordinates": [ 25.411158, 54.688812 ] } },
{ "type": "Feature", "properties": { "Transportas": "Autobusai", "Marsrutas": "18", "ReisoID": 22862331211, "MasinosNumeris": 4127, "Ilguma": 25348045, "Ilguma_new": 25.348045, "Platuma": 54728049, "Platuma_new": 54.728049, "Greitis": 18, "Azimutas": 44, "ReisoPradziaMinutemis": 731, "NuokrypisSekundemis": 55, "MatavimoLaikas": 44497, "MasinosTipas": "KWZ", "KryptiesTipas": "A>B", "KryptiesPavadinimas": "Parko g.", "ReisoIdGTFS": "A18-01-1-241012-ab-1210", "color": "blue" }, "geometry": { "type": "Point", "coordinates": [ 25.348045, 54.728049 ] } },
{ "type": "Feature", "properties": { "Transportas": "Autobusai", "Marsrutas": "18", "ReisoID": 22862341150, "MasinosNumeris": 955, "Ilguma": 25362786, "Ilguma_new": 25.362786, "Platuma": 54732006, "Platuma_new": 54.732006, "Greitis": 73, "Azimutas": 250, "ReisoPradziaMinutemis": 710, "NuokrypisSekundemis": 30, "MatavimoLaikas": 44499, "MasinosTipas": "Z", "KryptiesTipas": "B>A", "KryptiesPavadinimas": "Antakalnis", "ReisoIdGTFS": "A18-03-1-241012-ba-1150", "color": "blue" }, "geometry": { "type": "Point", "coordinates": [ 25.362786, 54.732006 ] } },
{ "type": "Feature", "properties": { "Transportas": "Autobusai", "Marsrutas": "18", "ReisoID": 22862351217, "MasinosNumeris": 4129, "Ilguma": 25414234, "Ilguma_new": 25.414234, "Platuma": 54687951, "Platuma_new": 54.687951, "Greitis": 0, "Azimutas": 284, "ReisoPradziaMinutemis": 737, "NuokrypisSekundemis": 103, "MatavimoLaikas": 44498, "MasinosTipas": "KWZ", "KryptiesTipas": "B>A", "KryptiesPavadinimas": "Antakalnis", "ReisoIdGTFS": "A18-05-1-241012-ba-1220", "color": "blue" }, "geometry": { "type": "Point", "coordinates": [ 25.414234, 54.687951 ] } },
{ "type": "Feature", "properties": { "Transportas": "Autobusai", "Marsrutas": "35", "ReisoID": 22862401211, "MasinosNumeris": 932, "Ilguma": 25281106, "Ilguma_new": 25.281106, "Platuma": 54724724, "Platuma_new": 54.724724, "Greitis": 0, "Azimutas": 342, "ReisoPradziaMinutemis": 731, "NuokrypisSekundemis": 48, "MatavimoLaikas": 44488, "MasinosTipas": "Z", "KryptiesTipas": "A>B", "KryptiesPavadinimas": "Ožkiniai", "ReisoIdGTFS": "A35-02-1-241012-ab-1210", "color": "blue" }, "geometry": { "type": "Point", "coordinates": [ 25.281106, 54.724724 ] } },
{ "type": "Feature", "properties": { "Transportas": "Autobusai", "Marsrutas": "35", "ReisoID": 22862420933, "MasinosNumeris": 934, "Ilguma": 25294140, "Ilguma_new": 25.29414, "Platuma": 54721011, "Platuma_new": 54.721011, "Greitis": 0, "Azimutas": 76, "ReisoPradziaMinutemis": 573, "NuokrypisSekundemis": 0, "MatavimoLaikas": 44473, "MasinosTipas": "Z", "KryptiesTipas": "A>D", "KryptiesPavadinimas": "Autobusų parkas (Verkių g.)", "ReisoIdGTFS": "A35-03-1-241012-da-1430", "color": "blue" }, "geometry": { "type": "Point", "coordinates": [ 25.29414, 54.721011 ] } },
{ "type": "Feature", "properties": { "Transportas": "Autobusai", "Marsrutas": "74", "ReisoID": 22862630458, "MasinosNumeris": 4182, "Ilguma": 25293643, "Ilguma_new": 25.293643, "Platuma": 54720397, "Platuma_new": 54.720397, "Greitis": 0, "Azimutas": 188, "ReisoPradziaMinutemis": 298, "NuokrypisSekundemis": null, "MatavimoLaikas": 44482, "MasinosTipas": "KWNZD", "KryptiesTipas": "D>A", "KryptiesPavadinimas": "Stotis", "ReisoIdGTFS": "A74-01-1-241012-da-0500", "color": "blue" }, "geometry": { "type": "Point", "coordinates": [ 25.293643, 54.720397 ] } },
{ "type": "Feature", "properties": { "Transportas": "Autobusai", "Marsrutas": "74", "ReisoID": 22862631205, "MasinosNumeris": 4654, "Ilguma": 25338320, "Ilguma_new": 25.33832, "Platuma": 54689759, "Platuma_new": 54.689759, "Greitis": 46, "Azimutas": 72, "ReisoPradziaMinutemis": 725, "NuokrypisSekundemis": 112, "MatavimoLaikas": 44497, "MasinosTipas": "Z", "KryptiesTipas": "A>B", "KryptiesPavadinimas": "Parko g.", "ReisoIdGTFS": "A74-01-1-241012-ab-1210", "color": "blue" }, "geometry": { "type": "Point", "coordinates": [ 25.33832, 54.689759 ] } },
{ "type": "Feature", "properties": { "Transportas": "Autobusai", "Marsrutas": "74", "ReisoID": 22862641219, "MasinosNumeris": 743, "Ilguma": 25417423, "Ilguma_new": 25.417423, "Platuma": 54686400, "Platuma_new": 54.6864, "Greitis": 34, "Azimutas": 318, "ReisoPradziaMinutemis": 739, "NuokrypisSekundemis": 12, "MatavimoLaikas": 44494, "MasinosTipas": "KZ", "KryptiesTipas": "B>A", "KryptiesPavadinimas": "Stotis", "ReisoIdGTFS": "A74-03-1-241012-ba-1220", "color": "blue" }, "geometry": { "type": "Point", "coordinates": [ 25.417423, 54.6864 ] } },
{ "type": "Feature", "properties": { "Transportas": "Autobusai", "Marsrutas": "74", "ReisoID": 22862671156, "MasinosNumeris": 4638, "Ilguma": 25289633, "Ilguma_new": 25.289633, "Platuma": 54673534, "Platuma_new": 54.673534, "Greitis": 0, "Azimutas": 164, "ReisoPradziaMinutemis": 716, "NuokrypisSekundemis": 74, "MatavimoLaikas": 44496, "MasinosTipas": "Z", "KryptiesTipas": "B>A", "KryptiesPavadinimas": "Stotis", "ReisoIdGTFS": "A74-05-1-241012-ab-1230", "color": "blue" }, "geometry": { "type": "Point", "coordinates": [ 25.289633, 54.673534 ] } },
{ "type": "Feature", "properties": { "Transportas": "Autobusai", "Marsrutas": "14", "ReisoID": 22884311200, "MasinosNumeris": 7030, "Ilguma": 25414967, "Ilguma_new": 25.414967, "Platuma": 54677301, "Platuma_new": 54.677301, "Greitis": 34, "Azimutas": 8, "ReisoPradziaMinutemis": 720, "NuokrypisSekundemis": 73, "MatavimoLaikas": 44488, "MasinosTipas": "KWZ", "KryptiesTipas": "A>B", "KryptiesPavadinimas": "Arimų g.", "ReisoIdGTFS": "A14-03-1-241015-ab-1200", "color": "blue" }, "geometry": { "type": "Point", "coordinates": [ 25.414967, 54.677301 ] } },
{ "type": "Feature", "properties": { "Transportas": "Autobusai", "Marsrutas": "14", "ReisoID": 22884331136, "MasinosNumeris": 7035, "Ilguma": 25370720, "Ilguma_new": 25.37072, "Platuma": 54599572, "Platuma_new": 54.599572, "Greitis": 55, "Azimutas": 218, "ReisoPradziaMinutemis": 696, "NuokrypisSekundemis": 115, "MatavimoLaikas": 44496, "MasinosTipas": "KWZ", "KryptiesTipas": "B>A", "KryptiesPavadinimas": "Rudamina", "ReisoIdGTFS": "A14-01-1-241015-ba-1140", "color": "blue" }, "geometry": { "type": "Point", "coordinates": [ 25.37072, 54.599572 ] } },
{ "type": "Feature", "properties": { "Transportas": "Autobusai", "Marsrutas": "14", "ReisoID": 22884341203, "MasinosNumeris": 7020, "Ilguma": 25432724, "Ilguma_new": 25.432724, "Platuma": 54689445, "Platuma_new": 54.689445, "Greitis": 0, "Azimutas": 210, "ReisoPradziaMinutemis": 723, "NuokrypisSekundemis": 14, "MatavimoLaikas": 44500, "MasinosTipas": "KWZ", "KryptiesTipas": "B>A", "KryptiesPavadinimas": "Rudamina", "ReisoIdGTFS": "A14-04-1-241015-ba-1200", "color": "blue" }, "geometry": { "type": "Point", "coordinates": [ 25.432724, 54.689445 ] } },
{ "type": "Feature", "properties": { "Transportas": "Autobusai", "Marsrutas": "14", "ReisoID": 22884351132, "MasinosNumeris": 7010, "Ilguma": 25431519, "Ilguma_new": 25.431519, "Platuma": 54702403, "Platuma_new": 54.702403, "Greitis": 0, "Azimutas": 334, "ReisoPradziaMinutemis": 692, "NuokrypisSekundemis": 0, "MatavimoLaikas": 44487, "MasinosTipas": "KWZ", "KryptiesTipas": "A>B", "KryptiesPavadinimas": "Arimų g.", "ReisoIdGTFS": "A14-05-1-241015-ba-1230", "color": "blue" }, "geometry": { "type": "Point", "coordinates": [ 25.431519, 54.702403 ] } },
{ "type": "Feature", "properties": { "Transportas": "Autobusai", "Marsrutas": "20", "ReisoID": 23040401220, "MasinosNumeris": 7016, "Ilguma": 25202901, "Ilguma_new": 25.202901, "Platuma": 54643316, "Platuma_new": 54.643316, "Greitis": 57, "Azimutas": 238, "ReisoPradziaMinutemis": 740, "NuokrypisSekundemis": 65, "MatavimoLaikas": 44497, "MasinosTipas": "KWZ", "KryptiesTipas": "A>B", "KryptiesPavadinimas": "Lazdynai", "ReisoIdGTFS": "A20-01-1-241118-ab-1220", "color": "blue" }, "geometry": { "type": "Point", "coordinates": [ 25.202901, 54.643316 ] } },
{ "type": "Feature", "properties": { "Transportas": "Autobusai", "Marsrutas": "20", "ReisoID": 23040411156, "MasinosNumeris": 7004, "Ilguma": 25153945, "Ilguma_new": 25.153945, "Platuma": 54662069, "Platuma_new": 54.662069, "Greitis": 44, "Azimutas": 270, "ReisoPradziaMinutemis": 716, "NuokrypisSekundemis": -141, "MatavimoLaikas": 44495, "MasinosTipas": "KWZ", "KryptiesTipas": "A1>B1", "KryptiesPavadinimas": "Lazdynai", "ReisoIdGTFS": "A20-02-1-241118-a1b1-1200", "color": "blue" }, "geometry": { "type": "Point", "coordinates": [ 25.153945, 54.662069 ] } },
{ "type": "Feature", "properties": { "Transportas": "Autobusai", "Marsrutas": "20", "ReisoID": 23040441157, "MasinosNumeris": 7050, "Ilguma": 25159207, "Ilguma_new": 25.159207, "Platuma": 54659675, "Platuma_new": 54.659675, "Greitis": 0, "Azimutas": 250, "ReisoPradziaMinutemis": 717, "NuokrypisSekundemis": 296, "MatavimoLaikas": 44492, "MasinosTipas": "KWZ", "KryptiesTipas": "B1>A1", "KryptiesPavadinimas": "Žemieji Paneriai", "ReisoIdGTFS": "A20-05-1-241118-b1a1-1200", "color": "blue" }, "geometry": { "type": "Point", "coordinates": [ 25.159207, 54.659675 ] } },
{ "type": "Feature", "properties": { "Transportas": "Autobusai", "Marsrutas": "20", "ReisoID": 23040451221, "MasinosNumeris": 7068, "Ilguma": 25210417, "Ilguma_new": 25.210417, "Platuma": 54677289, "Platuma_new": 54.677289, "Greitis": 30, "Azimutas": 246, "ReisoPradziaMinutemis": 741, "NuokrypisSekundemis": 18, "MatavimoLaikas": 44499, "MasinosTipas": "KWNZ", "KryptiesTipas": "B>A", "KryptiesPavadinimas": "Žemieji Paneriai", "ReisoIdGTFS": "A20-06-1-241118-ba-1220", "color": "blue" }, "geometry": { "type": "Point", "coordinates": [ 25.210417, 54.677289 ] } },
{ "type": "Feature", "properties": { "Transportas": "Autobusai", "Marsrutas": "51", "ReisoID": 23081631159, "MasinosNumeris": 7006, "Ilguma": 25108760, "Ilguma_new": 25.10876, "Platuma": 54626998, "Platuma_new": 54.626998, "Greitis": 23, "Azimutas": 154, "ReisoPradziaMinutemis": 719, "NuokrypisSekundemis": 7, "MatavimoLaikas": 44496, "MasinosTipas": "KWZ", "KryptiesTipas": "B>A", "KryptiesPavadinimas": "Žemieji Paneriai", "ReisoIdGTFS": "A51-01-1-241118-ba-1200", "color": "blue" }, "geometry": { "type": "Point", "coordinates": [ 25.10876, 54.626998 ] } },
{ "type": "Feature", "properties": { "Transportas": "Autobusai", "Marsrutas": "51", "ReisoID": 23081641135, "MasinosNumeris": 7061, "Ilguma": 25198156, "Ilguma_new": 25.198156, "Platuma": 54577149, "Platuma_new": 54.577149, "Greitis": 0, "Azimutas": 236, "ReisoPradziaMinutemis": 695, "NuokrypisSekundemis": 73, "MatavimoLaikas": 44489, "MasinosTipas": "KWZ", "KryptiesTipas": "A>B", "KryptiesPavadinimas": "Pagiriai", "ReisoIdGTFS": "A51-02-1-241118-ba-1220", "color": "blue" }, "geometry": { "type": "Point", "coordinates": [ 25.198156, 54.577149 ] } },
{ "type": "Feature", "properties": { "Transportas": "Autobusai", "Marsrutas": "51", "ReisoID": 23081651216, "MasinosNumeris": 7011, "Ilguma": 25177765, "Ilguma_new": 25.177765, "Platuma": 54638613, "Platuma_new": 54.638613, "Greitis": 36, "Azimutas": 228, "ReisoPradziaMinutemis": 736, "NuokrypisSekundemis": 137, "MatavimoLaikas": 44498, "MasinosTipas": "KWZ", "KryptiesTipas": "A>B", "KryptiesPavadinimas": "Pagiriai", "ReisoIdGTFS": "A51-03-1-241118-ab-1220", "color": "blue" }, "geometry": { "type": "Point", "coordinates": [ 25.177765, 54.638613 ] } },
{ "type": "Feature", "properties": { "Transportas": "Autobusai", "Marsrutas": "51", "ReisoID": 23081661220, "MasinosNumeris": 7070, "Ilguma": 25066272, "Ilguma_new": 25.066272, "Platuma": 54625949, "Platuma_new": 54.625949, "Greitis": 41, "Azimutas": 262, "ReisoPradziaMinutemis": 740, "NuokrypisSekundemis": 74, "MatavimoLaikas": 44491, "MasinosTipas": "KWNZ", "KryptiesTipas": "B1>A1", "KryptiesPavadinimas": "Žemieji Paneriai", "ReisoIdGTFS": "A51-04-1-241118-b1a1-1220", "color": "blue" }, "geometry": { "type": "Point", "coordinates": [ 25.066272, 54.625949 ] } },
{ "type": "Feature", "properties": { "Transportas": "Autobusai", "Marsrutas": "114", "ReisoID": 23096391216, "MasinosNumeris": 7054, "Ilguma": 25303615, "Ilguma_new": 25.303615, "Platuma": 54719284, "Platuma_new": 54.719284, "Greitis": 4, "Azimutas": 336, "ReisoPradziaMinutemis": 736, "NuokrypisSekundemis": 18, "MatavimoLaikas": 44497, "MasinosTipas": "KWZ", "KryptiesTipas": "A>B", "KryptiesPavadinimas": "Vinciūniškės", "ReisoIdGTFS": "A114-01-1-241119-ab-1220", "color": "blue" }, "geometry": { "type": "Point", "coordinates": [ 25.303615, 54.719284 ] } },
{ "type": "Feature", "properties": { "Transportas": "Autobusai", "Marsrutas": "114", "ReisoID": 23096401208, "MasinosNumeris": 7007, "Ilguma": 25373617, "Ilguma_new": 25.373617, "Platuma": 54720641, "Platuma_new": 54.720641, "Greitis": 25, "Azimutas": 274, "ReisoPradziaMinutemis": 728, "NuokrypisSekundemis": 23, "MatavimoLaikas": 44498, "MasinosTipas": "KWZ", "KryptiesTipas": "B>A", "KryptiesPavadinimas": "Šiaurės miestelis", "ReisoIdGTFS": "A114-02-1-241119-ba-1210", "color": "blue" }, "geometry": { "type": "Point", "coordinates": [ 25.373617, 54.720641 ] } },
{ "type": "Feature", "properties": { "Transportas": "Autobusai", "Marsrutas": "114", "ReisoID": 23096431146, "MasinosNumeris": 7058, "Ilguma": 25302571, "Ilguma_new": 25.302571, "Platuma": 54720084, "Platuma_new": 54.720084, "Greitis": 22, "Azimutas": 146, "ReisoPradziaMinutemis": 706, "NuokrypisSekundemis": 78, "MatavimoLaikas": 44496, "MasinosTipas": "KWZ", "KryptiesTipas": "B>A", "KryptiesPavadinimas": "Šiaurės miestelis", "ReisoIdGTFS": "A114-06-1-241119-ba-1150", "color": "blue" }, "geometry": { "type": "Point", "coordinates": [ 25.302571, 54.720084 ] } },
{ "type": "Feature", "properties": { "Transportas": "Autobusai", "Marsrutas": "114", "ReisoID": 23096441151, "MasinosNumeris": 7037, "Ilguma": 25390003, "Ilguma_new": 25.390003, "Platuma": 54734623, "Platuma_new": 54.734623, "Greitis": 45, "Azimutas": 80, "ReisoPradziaMinutemis": 711, "NuokrypisSekundemis": -33, "MatavimoLaikas": 44496, "MasinosTipas": "KWZ", "KryptiesTipas": "A>B", "KryptiesPavadinimas": "Vinciūniškės", "ReisoIdGTFS": "A114-03-1-241119-ab-1150", "color": "blue" }, "geometry": { "type": "Point", "coordinates": [ 25.390003, 54.734623 ] } },
{ "type": "Feature", "properties": { "Transportas": "Autobusai", "Marsrutas": "88", "ReisoID": 23150111203, "MasinosNumeris": 7066, "Ilguma": 25285629, "Ilguma_new": 25.285629, "Platuma": 54674116, "Platuma_new": 54.674116, "Greitis": 0, "Azimutas": 260, "ReisoPradziaMinutemis": 723, "NuokrypisSekundemis": 157, "MatavimoLaikas": 44490, "MasinosTipas": "KWZ", "KryptiesTipas": "A>B", "KryptiesPavadinimas": "Europos aikštė", "ReisoIdGTFS": "A88-01-1-241129-ab-1200", "color": "blue" }, "geometry": { "type": "Point", "coordinates": [ 25.285629, 54.674116 ] } },
{ "type": "Feature", "properties": { "Transportas": "Autobusai", "Marsrutas": "88", "ReisoID": 23150121209, "MasinosNumeris": 7009, "Ilguma": 25277252, "Ilguma_new": 25.277252, "Platuma": 54682634, "Platuma_new": 54.682634, "Greitis": 28, "Azimutas": 184, "ReisoPradziaMinutemis": 729, "NuokrypisSekundemis": 81, "MatavimoLaikas": 44499, "MasinosTipas": "KWZ", "KryptiesTipas": "B>A", "KryptiesPavadinimas": "Oro uostas", "ReisoIdGTFS": "A88-02-1-241129-ba-1210", "color": "blue" }, "geometry": { "type": "Point", "coordinates": [ 25.277252, 54.682634 ] } },
{ "type": "Feature", "properties": { "Transportas": "Autobusai", "Marsrutas": "19", "ReisoID": 23157881151, "MasinosNumeris": 952, "Ilguma": 25251918, "Ilguma_new": 25.251918, "Platuma": 54614251, "Platuma_new": 54.614251, "Greitis": 0, "Azimutas": 308, "ReisoPradziaMinutemis": 711, "NuokrypisSekundemis": 0, "MatavimoLaikas": 44497, "MasinosTipas": "Z", "KryptiesTipas": "A>B", "KryptiesPavadinimas": "Salininkai", "ReisoIdGTFS": "A19-03-1-241202-ba-1230", "color": "blue" }, "geometry": { "type": "Point", "coordinates": [ 25.251918, 54.614251 ] } },
{ "type": "Feature", "properties": { "Transportas": "Autobusai", "Marsrutas": "19", "ReisoID": 23157891149, "MasinosNumeris": 4112, "Ilguma": 25285564, "Ilguma_new": 25.285564, "Platuma": 54671223, "Platuma_new": 54.671223, "Greitis": 0, "Azimutas": 242, "ReisoPradziaMinutemis": 709, "NuokrypisSekundemis": 0, "MatavimoLaikas": 44499, "MasinosTipas": "KWZ", "KryptiesTipas": "B>A", "KryptiesPavadinimas": "Stotis", "ReisoIdGTFS": "A19-01-1-241202-ab-1230", "color": "blue" }, "geometry": { "type": "Point", "coordinates": [ 25.285564, 54.671223 ] } },
{ "type": "Feature", "properties": { "Transportas": "Autobusai", "Marsrutas": "36", "ReisoID": 23157911156, "MasinosNumeris": 963, "Ilguma": 25308133, "Ilguma_new": 25.308133, "Platuma": 54762126, "Platuma_new": 54.762126, "Greitis": 40, "Azimutas": 66, "ReisoPradziaMinutemis": 716, "NuokrypisSekundemis": 268, "MatavimoLaikas": 44494, "MasinosTipas": "Z", "KryptiesTipas": "A>B", "KryptiesPavadinimas": "Pagubė", "ReisoIdGTFS": "A36-03-1-241202-ab-1200", "color": "blue" }, "geometry": { "type": "Point", "coordinates": [ 25.308133, 54.762126 ] } },
{ "type": "Feature", "properties": { "Transportas": "Autobusai", "Marsrutas": "36", "ReisoID": 23157921134, "MasinosNumeris": 4131, "Ilguma": 25312954, "Ilguma_new": 25.312954, "Platuma": 54808065, "Platuma_new": 54.808065, "Greitis": 0, "Azimutas": 132, "ReisoPradziaMinutemis": 694, "NuokrypisSekundemis": 0, "MatavimoLaikas": 44498, "MasinosTipas": "KWZ", "KryptiesTipas": "A>B", "KryptiesPavadinimas": "Pagubė", "ReisoIdGTFS": "A36-02-1-241202-ba-1220", "color": "blue" }, "geometry": { "type": "Point", "coordinates": [ 25.312954, 54.808065 ] } },
{ "type": "Feature", "properties": { "Transportas": "Autobusai", "Marsrutas": "36", "ReisoID": 23157931144, "MasinosNumeris": 4107, "Ilguma": 25286686, "Ilguma_new": 25.286686, "Platuma": 54714389, "Platuma_new": 54.714389, "Greitis": 0, "Azimutas": 182, "ReisoPradziaMinutemis": 704, "NuokrypisSekundemis": 93, "MatavimoLaikas": 44499, "MasinosTipas": "KWZ", "KryptiesTipas": "B>A", "KryptiesPavadinimas": "Žalgirio g.", "ReisoIdGTFS": "A36-01-1-241202-ba-1140", "color": "blue" }, "geometry": { "type": "Point", "coordinates": [ 25.286686, 54.714389 ] } },
{ "type": "Feature", "properties": { "Transportas": "Autobusai", "Marsrutas": "36", "ReisoID": 23157941217, "MasinosNumeris": 4645, "Ilguma": 25286879, "Ilguma_new": 25.286879, "Platuma": 54712942, "Platuma_new": 54.712942, "Greitis": 0, "Azimutas": 24, "ReisoPradziaMinutemis": 737, "NuokrypisSekundemis": 39, "MatavimoLaikas": 44497, "MasinosTipas": "Z", "KryptiesTipas": "A>B", "KryptiesPavadinimas": "Pagubė", "ReisoIdGTFS": "A36-04-1-241202-ab-1220", "color": "blue" }, "geometry": { "type": "Point", "coordinates": [ 25.286879, 54.712942 ] } },
{ "type": "Feature", "properties": { "Transportas": "Autobusai", "Marsrutas": "36", "ReisoID": 23157951202, "MasinosNumeris": 4101, "Ilguma": 25307217, "Ilguma_new": 25.307217, "Platuma": 54761821, "Platuma_new": 54.761821, "Greitis": 18, "Azimutas": 220, "ReisoPradziaMinutemis": 722, "NuokrypisSekundemis": 74, "MatavimoLaikas": 44498, "MasinosTipas": "KWZ", "KryptiesTipas": "B>A", "KryptiesPavadinimas": "Žalgirio g.", "ReisoIdGTFS": "A36-05-1-241202-ba-1200", "color": "blue" }, "geometry": { "type": "Point", "coordinates": [ 25.307217, 54.761821 ] } },
{ "type": "Feature", "properties": { "Transportas": "Autobusai", "Marsrutas": "42", "ReisoID": 23158021201, "MasinosNumeris": 4160, "Ilguma": 25273107, "Ilguma_new": 25.273107, "Platuma": 54665208, "Platuma_new": 54.665208, "Greitis": 24, "Azimutas": 356, "ReisoPradziaMinutemis": 721, "NuokrypisSekundemis": 25, "MatavimoLaikas": 44498, "MasinosTipas": "KWZD", "KryptiesTipas": "B>A", "KryptiesPavadinimas": "Stotis", "ReisoIdGTFS": "A42-01-1-241202-ba-1200", "color": "blue" }, "geometry": { "type": "Point", "coordinates": [ 25.273107, 54.665208 ] } },
{ "type": "Feature", "properties": { "Transportas": "Autobusai", "Marsrutas": "42", "ReisoID": 23158031205, "MasinosNumeris": 4175, "Ilguma": 25265782, "Ilguma_new": 25.265782, "Platuma": 54646669, "Platuma_new": 54.646669, "Greitis": 45, "Azimutas": 208, "ReisoPradziaMinutemis": 725, "NuokrypisSekundemis": 127, "MatavimoLaikas": 44499, "MasinosTipas": "KWZD", "KryptiesTipas": "A>B", "KryptiesPavadinimas": "Salininkai", "ReisoIdGTFS": "A42-03-1-241202-ab-1210", "color": "blue" }, "geometry": { "type": "Point", "coordinates": [ 25.265782, 54.646669 ] } },
{ "type": "Feature", "properties": { "Transportas": "Autobusai", "Marsrutas": "78", "ReisoID": 23158281158, "MasinosNumeris": 4178, "Ilguma": 25269621, "Ilguma_new": 25.269621, "Platuma": 54650736, "Platuma_new": 54.650736, "Greitis": 3, "Azimutas": 36, "ReisoPradziaMinutemis": 718, "NuokrypisSekundemis": 86, "MatavimoLaikas": 44500, "MasinosTipas": "KWNZD", "KryptiesTipas": "B>A", "KryptiesPavadinimas": "Stotis", "ReisoIdGTFS": "A78-02-1-241202-ba-1200", "color": "blue" }, "geometry": { "type": "Point", "coordinates": [ 25.269621, 54.650736 ] } },
{ "type": "Feature", "properties": { "Transportas": "Autobusai", "Marsrutas": "78", "ReisoID": 23158291144, "MasinosNumeris": 4180, "Ilguma": 25198360, "Ilguma_new": 25.19836, "Platuma": 54577198, "Platuma_new": 54.577198, "Greitis": 0, "Azimutas": 248, "ReisoPradziaMinutemis": 704, "NuokrypisSekundemis": 0, "MatavimoLaikas": 44496, "MasinosTipas": "KWNZ", "KryptiesTipas": "A>B", "KryptiesPavadinimas": "Pagiriai", "ReisoIdGTFS": "A78-01-1-241202-ba-1230", "color": "blue" }, "geometry": { "type": "Point", "coordinates": [ 25.19836, 54.577198 ] } },
{ "type": "Feature", "properties": { "Transportas": "Autobusai", "Marsrutas": "78", "ReisoID": 23158301214, "MasinosNumeris": 4185, "Ilguma": 25277265, "Ilguma_new": 25.277265, "Platuma": 54672721, "Platuma_new": 54.672721, "Greitis": 0, "Azimutas": 264, "ReisoPradziaMinutemis": 734, "NuokrypisSekundemis": 228, "MatavimoLaikas": 44493, "MasinosTipas": "KWNZD", "KryptiesTipas": "A>B", "KryptiesPavadinimas": "Pagiriai", "ReisoIdGTFS": "A78-03-1-241202-ab-1210", "color": "blue" }, "geometry": { "type": "Point", "coordinates": [ 25.277265, 54.672721 ] } },
{ "type": "Feature", "properties": { "Transportas": "Autobusai", "Marsrutas": "82", "ReisoID": 23158351154, "MasinosNumeris": 4103, "Ilguma": 25285782, "Ilguma_new": 25.285782, "Platuma": 54671304, "Platuma_new": 54.671304, "Greitis": 0, "Azimutas": 244, "ReisoPradziaMinutemis": 714, "NuokrypisSekundemis": 0, "MatavimoLaikas": 44500, "MasinosTipas": "KWZ", "KryptiesTipas": "B>A", "KryptiesPavadinimas": "Stotis", "ReisoIdGTFS": "A82-01-1-241202-ab-1240", "color": "blue" }, "geometry": { "type": "Point", "coordinates": [ 25.285782, 54.671304 ] } },
{ "type": "Feature", "properties": { "Transportas": "Autobusai", "Marsrutas": "82", "ReisoID": 23158361201, "MasinosNumeris": 4125, "Ilguma": 25274593, "Ilguma_new": 25.274593, "Platuma": 54609442, "Platuma_new": 54.609442, "Greitis": 8, "Azimutas": 188, "ReisoPradziaMinutemis": 721, "NuokrypisSekundemis": -58, "MatavimoLaikas": 44498, "MasinosTipas": "KWZ", "KryptiesTipas": "A1>B1", "KryptiesPavadinimas": "Juodšiliai", "ReisoIdGTFS": "A82-02-1-241202-a1b1-1200", "color": "blue" }, "geometry": { "type": "Point", "coordinates": [ 25.274593, 54.609442 ] } },
{ "type": "Feature", "properties": { "Transportas": "Autobusai", "Marsrutas": "29", "ReisoID": 23159291159, "MasinosNumeris": 4594, "Ilguma": 25214978, "Ilguma_new": 25.214978, "Platuma": 54670947, "Platuma_new": 54.670947, "Greitis": 0, "Azimutas": 78, "ReisoPradziaMinutemis": 719, "NuokrypisSekundemis": 8, "MatavimoLaikas": 44499, "MasinosTipas": "KWNZD", "KryptiesTipas": "B>A", "KryptiesPavadinimas": "Vilkpėdė", "ReisoIdGTFS": "A29-01-1-241202-ba-1200", "color": "blue" }, "geometry": { "type": "Point", "coordinates": [ 25.214978, 54.670947 ] } },
{ "type": "Feature", "properties": { "Transportas": "Autobusai", "Marsrutas": "29", "ReisoID": 23159301151, "MasinosNumeris": 4592, "Ilguma": 25096448, "Ilguma_new": 25.096448, "Platuma": 54669531, "Platuma_new": 54.669531, "Greitis": 22, "Azimutas": 296, "ReisoPradziaMinutemis": 711, "NuokrypisSekundemis": 60, "MatavimoLaikas": 44497, "MasinosTipas": "KWNZD", "KryptiesTipas": "A>B", "KryptiesPavadinimas": "Grigiškės", "ReisoIdGTFS": "A29-03-1-241202-ab-1150", "color": "blue" }, "geometry": { "type": "Point", "coordinates": [ 25.096448, 54.669531 ] } },
{ "type": "Feature", "properties": { "Transportas": "Autobusai", "Marsrutas": "29", "ReisoID": 23159311221, "MasinosNumeris": 774, "Ilguma": 25246825, "Ilguma_new": 25.246825, "Platuma": 54665442, "Platuma_new": 54.665442, "Greitis": 7, "Azimutas": 86, "ReisoPradziaMinutemis": 741, "NuokrypisSekundemis": -18, "MatavimoLaikas": 44497, "MasinosTipas": "KZ", "KryptiesTipas": "A>B", "KryptiesPavadinimas": "Grigiškės", "ReisoIdGTFS": "A29-04-1-241202-ab-1220", "color": "blue" }, "geometry": { "type": "Point", "coordinates": [ 25.246825, 54.665442 ] } },
{ "type": "Feature", "properties": { "Transportas": "Autobusai", "Marsrutas": "46", "ReisoID": 23159331208, "MasinosNumeris": 4577, "Ilguma": 25240329, "Ilguma_new": 25.240329, "Platuma": 54709332, "Platuma_new": 54.709332, "Greitis": 20, "Azimutas": 360, "ReisoPradziaMinutemis": 728, "NuokrypisSekundemis": 87, "MatavimoLaikas": 44499, "MasinosTipas": "KWNZD", "KryptiesTipas": "B>A", "KryptiesPavadinimas": "Pašilaičiai", "ReisoIdGTFS": "A46-01-1-241202-ba-1210", "color": "blue" }, "geometry": { "type": "Point", "coordinates": [ 25.240329, 54.709332 ] } },
{ "type": "Feature", "properties": { "Transportas": "Autobusai", "Marsrutas": "46", "ReisoID": 23159341206, "MasinosNumeris": 4602, "Ilguma": 25240097, "Ilguma_new": 25.240097, "Platuma": 54709790, "Platuma_new": 54.70979, "Greitis": 22, "Azimutas": 176, "ReisoPradziaMinutemis": 726, "NuokrypisSekundemis": 30, "MatavimoLaikas": 44498, "MasinosTipas": "KWNZD", "KryptiesTipas": "A>B", "KryptiesPavadinimas": "Centras", "ReisoIdGTFS": "A46-03-1-241202-ab-1210", "color": "blue" }, "geometry": { "type": "Point", "coordinates": [ 25.240097, 54.70979 ] } },
{ "type": "Feature", "properties": { "Transportas": "Autobusai", "Marsrutas": "46", "ReisoID": 23159381150, "MasinosNumeris": 4574, "Ilguma": 25234988, "Ilguma_new": 25.234988, "Platuma": 54730403, "Platuma_new": 54.730403, "Greitis": 0, "Azimutas": 296, "ReisoPradziaMinutemis": 710, "NuokrypisSekundemis": 568, "MatavimoLaikas": 44495, "MasinosTipas": "KWZD", "KryptiesTipas": "B>A", "KryptiesPavadinimas": "Pašilaičiai", "ReisoIdGTFS": "A46-06-1-241202-ba-1150", "color": "blue" }, "geometry": { "type": "Point", "coordinates": [ 25.234988, 54.730403 ] } },
{ "type": "Feature", "properties": { "Transportas": "Autobusai", "Marsrutas": "48", "ReisoID": 23159401156, "MasinosNumeris": 965, "Ilguma": 25252446, "Ilguma_new": 25.252446, "Platuma": 54734277, "Platuma_new": 54.734277, "Greitis": 20, "Azimutas": 130, "ReisoPradziaMinutemis": 716, "NuokrypisSekundemis": 96, "MatavimoLaikas": 44491, "MasinosTipas": "Z", "KryptiesTipas": "A>B", "KryptiesPavadinimas": "Santariškės", "ReisoIdGTFS": "A48-01-1-241202-ab-1200", "color": "blue" }, "geometry": { "type": "Point", "coordinates": [ 25.252446, 54.734277 ] } },
{ "type": "Feature", "properties": { "Transportas": "Autobusai", "Marsrutas": "48", "ReisoID": 23159411153, "MasinosNumeris": 4032, "Ilguma": 25249629, "Ilguma_new": 25.249629, "Platuma": 54710230, "Platuma_new": 54.71023, "Greitis": 34, "Azimutas": 86, "ReisoPradziaMinutemis": 713, "NuokrypisSekundemis": -69, "MatavimoLaikas": 44498, "MasinosTipas": "KZ", "KryptiesTipas": "B>A", "KryptiesPavadinimas": "Šeškinė", "ReisoIdGTFS": "A48-02-1-241202-ba-1150", "color": "blue" }, "geometry": { "type": "Point", "coordinates": [ 25.249629, 54.71023 ] } },
{ "type": "Feature", "properties": { "Transportas": "Autobusai", "Marsrutas": "32", "ReisoID": 23159611149, "MasinosNumeris": 780, "Ilguma": 25219329, "Ilguma_new": 25.219329, "Platuma": 54735135, "Platuma_new": 54.735135, "Greitis": 0, "Azimutas": 258, "ReisoPradziaMinutemis": 709, "NuokrypisSekundemis": 0, "MatavimoLaikas": 44498, "MasinosTipas": "KZ", "KryptiesTipas": "A>B", "KryptiesPavadinimas": "Pašilaičiai", "ReisoIdGTFS": "A32-01-1-241202-ba-1220", "color": "blue" }, "geometry": { "type": "Point", "coordinates": [ 25.219329, 54.735135 ] } },
{ "type": "Feature", "properties": { "Transportas": "Autobusai", "Marsrutas": "32", "ReisoID": 23159621152, "MasinosNumeris": 3121, "Ilguma": 25245597, "Ilguma_new": 25.245597, "Platuma": 54698435, "Platuma_new": 54.698435, "Greitis": 0, "Azimutas": 114, "ReisoPradziaMinutemis": 712, "NuokrypisSekundemis": 0, "MatavimoLaikas": 44494, "MasinosTipas": "KWZ", "KryptiesTipas": "B>A", "KryptiesPavadinimas": "Žvėrynas", "ReisoIdGTFS": "A32-03-1-241202-ab-1230", "color": "blue" }, "geometry": { "type": "Point", "coordinates": [ 25.245597, 54.698435 ] } },
{ "type": "Feature", "properties": { "Transportas": "Autobusai", "Marsrutas": "73", "ReisoID": 23159771145, "MasinosNumeris": 793, "Ilguma": 25222480, "Ilguma_new": 25.22248, "Platuma": 54718396, "Platuma_new": 54.718396, "Greitis": 34, "Azimutas": 18, "ReisoPradziaMinutemis": 705, "NuokrypisSekundemis": 271, "MatavimoLaikas": 44500, "MasinosTipas": "KZ", "KryptiesTipas": "B>A", "KryptiesPavadinimas": "Justiniškės", "ReisoIdGTFS": "A73-01-1-241202-ba-1150", "color": "blue" }, "geometry": { "type": "Point", "coordinates": [ 25.22248, 54.718396 ] } },
{ "type": "Feature", "properties": { "Transportas": "Autobusai", "Marsrutas": "73", "ReisoID": 23159781157, "MasinosNumeris": 3117, "Ilguma": 25270413, "Ilguma_new": 25.270413, "Platuma": 54692944, "Platuma_new": 54.692944, "Greitis": 0, "Azimutas": 138, "ReisoPradziaMinutemis": 717, "NuokrypisSekundemis": 43, "MatavimoLaikas": 44499, "MasinosTipas": "KWZ", "KryptiesTipas": "A>B", "KryptiesPavadinimas": "Vilkpėdė", "ReisoIdGTFS": "A73-02-1-241202-ab-1200", "color": "blue" }, "geometry": { "type": "Point", "coordinates": [ 25.270413, 54.692944 ] } },
{ "type": "Feature", "properties": { "Transportas": "Autobusai", "Marsrutas": "73", "ReisoID": 23159791212, "MasinosNumeris": 721, "Ilguma": 25266845, "Ilguma_new": 25.266845, "Platuma": 54679317, "Platuma_new": 54.679317, "Greitis": 28, "Azimutas": 342, "ReisoPradziaMinutemis": 732, "NuokrypisSekundemis": -52, "MatavimoLaikas": 44496, "MasinosTipas": "KZ", "KryptiesTipas": "B>A", "KryptiesPavadinimas": "Justiniškės", "ReisoIdGTFS": "A73-03-1-241202-ba-1210", "color": "blue" }, "geometry": { "type": "Point", "coordinates": [ 25.266845, 54.679317 ] } },
{ "type": "Feature", "properties": { "Transportas": "Troleibusai", "Marsrutas": "2", "ReisoID": 23159861154, "MasinosNumeris": 1744, "Ilguma": 25280820, "Ilguma_new": 25.28082, "Platuma": 54690763, "Platuma_new": 54.690763, "Greitis": 0, "Azimutas": 274, "ReisoPradziaMinutemis": 714, "NuokrypisSekundemis": 188, "MatavimoLaikas": 44489, "MasinosTipas": "KWNZ", "KryptiesTipas": "A>B", "KryptiesPavadinimas": "Stotis", "ReisoIdGTFS": "T2-04-1-241202-ab-1150", "color": "red" }, "geometry": { "type": "Point", "coordinates": [ 25.28082, 54.690763 ] } },
{ "type": "Feature", "properties": { "Transportas": "Troleibusai", "Marsrutas": "2", "ReisoID": 23159871201, "MasinosNumeris": 1707, "Ilguma": 25295380, "Ilguma_new": 25.29538, "Platuma": 54689661, "Platuma_new": 54.689661, "Greitis": 40, "Azimutas": 240, "ReisoPradziaMinutemis": 721, "NuokrypisSekundemis": 49, "MatavimoLaikas": 44490, "MasinosTipas": "KZ", "KryptiesTipas": "A>B", "KryptiesPavadinimas": "Stotis", "ReisoIdGTFS": "T2-06-1-241202-ab-1200", "color": "red" }, "geometry": { "type": "Point", "coordinates": [ 25.29538, 54.689661 ] } },
{ "type": "Feature", "properties": { "Transportas": "Troleibusai", "Marsrutas": "2", "ReisoID": 23159881150, "MasinosNumeris": 1736, "Ilguma": 25325627, "Ilguma_new": 25.325627, "Platuma": 54726409, "Platuma_new": 54.726409, "Greitis": 0, "Azimutas": 46, "ReisoPradziaMinutemis": 710, "NuokrypisSekundemis": -58, "MatavimoLaikas": 44496, "MasinosTipas": "KWNZ", "KryptiesTipas": "B>A", "KryptiesPavadinimas": "Saulėtekis", "ReisoIdGTFS": "T2-01-1-241202-ba-1150", "color": "red" }, "geometry": { "type": "Point", "coordinates": [ 25.325627, 54.726409 ] } },
{ "type": "Feature", "properties": { "Transportas": "Troleibusai", "Marsrutas": "2", "ReisoID": 23159891221, "MasinosNumeris": 1815, "Ilguma": 25334109, "Ilguma_new": 25.334109, "Platuma": 54724145, "Platuma_new": 54.724145, "Greitis": 7, "Azimutas": 288, "ReisoPradziaMinutemis": 741, "NuokrypisSekundemis": -38, "MatavimoLaikas": 44497, "MasinosTipas": "KWNZ", "KryptiesTipas": "A>B", "KryptiesPavadinimas": "Stotis", "ReisoIdGTFS": "T2-10-1-241202-ab-1220", "color": "red" }, "geometry": { "type": "Point", "coordinates": [ 25.334109, 54.724145 ] } },
{ "type": "Feature", "properties": { "Transportas": "Troleibusai", "Marsrutas": "2", "ReisoID": 23159901209, "MasinosNumeris": 1701, "Ilguma": 25279499, "Ilguma_new": 25.279499, "Platuma": 54687033, "Platuma_new": 54.687033, "Greitis": 8, "Azimutas": 104, "ReisoPradziaMinutemis": 729, "NuokrypisSekundemis": 76, "MatavimoLaikas": 44498, "MasinosTipas": "KZ", "KryptiesTipas": "B>A", "KryptiesPavadinimas": "Saulėtekis", "ReisoIdGTFS": "T2-03-1-241202-ba-1210", "color": "red" }, "geometry": { "type": "Point", "coordinates": [ 25.279499, 54.687033 ] } },
{ "type": "Feature", "properties": { "Transportas": "Troleibusai", "Marsrutas": "2", "ReisoID": 23159911156, "MasinosNumeris": 1705, "Ilguma": 25308625, "Ilguma_new": 25.308625, "Platuma": 54697125, "Platuma_new": 54.697125, "Greitis": 20, "Azimutas": 358, "ReisoPradziaMinutemis": 716, "NuokrypisSekundemis": 268, "MatavimoLaikas": 44499, "MasinosTipas": "KZ", "KryptiesTipas": "B>A", "KryptiesPavadinimas": "Saulėtekis", "ReisoIdGTFS": "T2-12-1-241202-ba-1200", "color": "red" }, "geometry": { "type": "Point", "coordinates": [ 25.308625, 54.697125 ] } },
{ "type": "Feature", "properties": { "Transportas": "Troleibusai", "Marsrutas": "2", "ReisoID": 23159921208, "MasinosNumeris": 1823, "Ilguma": 25311179, "Ilguma_new": 25.311179, "Platuma": 54706034, "Platuma_new": 54.706034, "Greitis": 21, "Azimutas": 212, "ReisoPradziaMinutemis": 728, "NuokrypisSekundemis": 43, "MatavimoLaikas": 44490, "MasinosTipas": "KWNZ", "KryptiesTipas": "A>B", "KryptiesPavadinimas": "Stotis", "ReisoIdGTFS": "T2-08-1-241202-ab-1210", "color": "red" }, "geometry": { "type": "Point", "coordinates": [ 25.311179, 54.706034 ] } },
{ "type": "Feature", "properties": { "Transportas": "Troleibusai", "Marsrutas": "2", "ReisoID": 23159931138, "MasinosNumeris": 1841, "Ilguma": 25340527, "Ilguma_new": 25.340527, "Platuma": 54724538, "Platuma_new": 54.724538, "Greitis": 0, "Azimutas": 192, "ReisoPradziaMinutemis": 698, "NuokrypisSekundemis": 0, "MatavimoLaikas": 44492, "MasinosTipas": "KWNZ", "KryptiesTipas": "B>A", "KryptiesPavadinimas": "Saulėtekis", "ReisoIdGTFS": "T2-11-1-241202-ab-1230", "color": "red" }, "geometry": { "type": "Point", "coordinates": [ 25.340527, 54.724538 ] } },
{ "type": "Feature", "properties": { "Transportas": "Troleibusai", "Marsrutas": "2", "ReisoID": 23159961214, "MasinosNumeris": 1709, "Ilguma": 25317238, "Ilguma_new": 25.317238, "Platuma": 54719576, "Platuma_new": 54.719576, "Greitis": 6, "Azimutas": 192, "ReisoPradziaMinutemis": 734, "NuokrypisSekundemis": 24, "MatavimoLaikas": 44497, "MasinosTipas": "KZ", "KryptiesTipas": "A>B", "KryptiesPavadinimas": "Stotis", "ReisoIdGTFS": "T2-07-1-241202-ab-1210", "color": "red" }, "geometry": { "type": "Point", "coordinates": [ 25.317238, 54.719576 ] } },
{ "type": "Feature", "properties": { "Transportas": "Troleibusai", "Marsrutas": "2", "ReisoID": 23159991216, "MasinosNumeris": 1723, "Ilguma": 25279319, "Ilguma_new": 25.279319, "Platuma": 54678305, "Platuma_new": 54.678305, "Greitis": 27, "Azimutas": 328, "ReisoPradziaMinutemis": 736, "NuokrypisSekundemis": -27, "MatavimoLaikas": 44495, "MasinosTipas": "KWZ", "KryptiesTipas": "B>A", "KryptiesPavadinimas": "Saulėtekis", "ReisoIdGTFS": "T2-16-1-241202-ba-1220", "color": "red" }, "geometry": { "type": "Point", "coordinates": [ 25.279319, 54.678305 ] } },
{ "type": "Feature", "properties": { "Transportas": "Troleibusai", "Marsrutas": "2", "ReisoID": 23160001146, "MasinosNumeris": 1700, "Ilguma": 25283588, "Ilguma_new": 25.283588, "Platuma": 54673580, "Platuma_new": 54.67358, "Greitis": 21, "Azimutas": 184, "ReisoPradziaMinutemis": 706, "NuokrypisSekundemis": 18, "MatavimoLaikas": 44499, "MasinosTipas": "KZ", "KryptiesTipas": "A>B", "KryptiesPavadinimas": "Stotis", "ReisoIdGTFS": "T2-17-1-241202-ba-1220", "color": "red" }, "geometry": { "type": "Point", "coordinates": [ 25.283588, 54.67358 ] } },
{ "type": "Feature", "properties": { "Transportas": "Troleibusai", "Marsrutas": "2", "ReisoID": 23160011144, "MasinosNumeris": 1737, "Ilguma": 25338579, "Ilguma_new": 25.338579, "Platuma": 54723840, "Platuma_new": 54.72384, "Greitis": 28, "Azimutas": 92, "ReisoPradziaMinutemis": 704, "NuokrypisSekundemis": 0, "MatavimoLaikas": 44499, "MasinosTipas": "KWNZ", "KryptiesTipas": "B>A", "KryptiesPavadinimas": "Saulėtekis", "ReisoIdGTFS": "T2-14-1-241202-ab-1230", "color": "red" }, "geometry": { "type": "Point", "coordinates": [ 25.338579, 54.72384 ] } },
{ "type": "Feature", "properties": { "Transportas": "Troleibusai", "Marsrutas": "2", "ReisoID": 23160021202, "MasinosNumeris": 1676, "Ilguma": 25289128, "Ilguma_new": 25.289128, "Platuma": 54688253, "Platuma_new": 54.688253, "Greitis": 0, "Azimutas": 78, "ReisoPradziaMinutemis": 722, "NuokrypisSekundemis": 200, "MatavimoLaikas": 44496, "MasinosTipas": "Z", "KryptiesTipas": "B>A", "KryptiesPavadinimas": "Saulėtekis", "ReisoIdGTFS": "T2-13-1-241202-ba-1200", "color": "red" }, "geometry": { "type": "Point", "coordinates": [ 25.289128, 54.688253 ] } },
{ "type": "Feature", "properties": { "Transportas": "Troleibusai", "Marsrutas": "12", "ReisoID": 23160571137, "MasinosNumeris": 1729, "Ilguma": 25239351, "Ilguma_new": 25.239351, "Platuma": 54669676, "Platuma_new": 54.669676, "Greitis": 0, "Azimutas": 282, "ReisoPradziaMinutemis": 697, "NuokrypisSekundemis": 191, "MatavimoLaikas": 44498, "MasinosTipas": "KWNZ", "KryptiesTipas": "A>B", "KryptiesPavadinimas": "Žemieji Paneriai", "ReisoIdGTFS": "T12-01-1-241202-ab-1140", "color": "red" }, "geometry": { "type": "Point", "coordinates": [ 25.239351, 54.669676 ] } },
{ "type": "Feature", "properties": { "Transportas": "Troleibusai", "Marsrutas": "12", "ReisoID": 23160581216, "MasinosNumeris": 1732, "Ilguma": 25218907, "Ilguma_new": 25.218907, "Platuma": 54651025, "Platuma_new": 54.651025, "Greitis": 31, "Azimutas": 46, "ReisoPradziaMinutemis": 736, "NuokrypisSekundemis": 31, "MatavimoLaikas": 44498, "MasinosTipas": "KWNZ", "KryptiesTipas": "B>A", "KryptiesPavadinimas": "Žirmūnai", "ReisoIdGTFS": "T12-02-1-241202-ba-1220", "color": "red" }, "geometry": { "type": "Point", "coordinates": [ 25.218907, 54.651025 ] } },
{ "type": "Feature", "properties": { "Transportas": "Troleibusai", "Marsrutas": "12", "ReisoID": 23160590528, "MasinosNumeris": 1821, "Ilguma": 25323456, "Ilguma_new": 25.323456, "Platuma": 54709385, "Platuma_new": 54.709385, "Greitis": 0, "Azimutas": 298, "ReisoPradziaMinutemis": 328, "NuokrypisSekundemis": null, "MatavimoLaikas": 44491, "MasinosTipas": "KWNZ", "KryptiesTipas": "D>A", "KryptiesPavadinimas": "Žirmūnai", "ReisoIdGTFS": "T12-06-1-241202-da-0530", "color": "red" }, "geometry": { "type": "Point", "coordinates": [ 25.323456, 54.709385 ] } },
{ "type": "Feature", "properties": { "Transportas": "Troleibusai", "Marsrutas": "12", "ReisoID": 23160591128, "MasinosNumeris": 1850, "Ilguma": 25299901, "Ilguma_new": 25.299901, "Platuma": 54722334, "Platuma_new": 54.722334, "Greitis": 0, "Azimutas": 300, "ReisoPradziaMinutemis": 688, "NuokrypisSekundemis": 103, "MatavimoLaikas": 44497, "MasinosTipas": "KWNZ", "KryptiesTipas": "B>A", "KryptiesPavadinimas": "Žirmūnai", "ReisoIdGTFS": "T12-06-1-241202-ba-1130", "color": "red" }, "geometry": { "type": "Point", "coordinates": [ 25.299901, 54.722334 ] } },
{ "type": "Feature", "properties": { "Transportas": "Troleibusai", "Marsrutas": "12", "ReisoID": 23160621204, "MasinosNumeris": 1677, "Ilguma": 25285181, "Ilguma_new": 25.285181, "Platuma": 54694398, "Platuma_new": 54.694398, "Greitis": 0, "Azimutas": 266, "ReisoPradziaMinutemis": 724, "NuokrypisSekundemis": -22, "MatavimoLaikas": 44497, "MasinosTipas": "KZ", "KryptiesTipas": "A>B", "KryptiesPavadinimas": "Žemieji Paneriai", "ReisoIdGTFS": "T12-04-1-241202-ab-1200", "color": "red" }, "geometry": { "type": "Point", "coordinates": [ 25.285181, 54.694398 ] } },
{ "type": "Feature", "properties": { "Transportas": "Troleibusai", "Marsrutas": "12", "ReisoID": 23160631144, "MasinosNumeris": 1743, "Ilguma": 25297373, "Ilguma_new": 25.297373, "Platuma": 54695560, "Platuma_new": 54.69556, "Greitis": 16, "Azimutas": 88, "ReisoPradziaMinutemis": 704, "NuokrypisSekundemis": -60, "MatavimoLaikas": 44496, "MasinosTipas": "KWNZ", "KryptiesTipas": "B>A", "KryptiesPavadinimas": "Žirmūnai", "ReisoIdGTFS": "T12-07-1-241202-ba-1140", "color": "red" }, "geometry": { "type": "Point", "coordinates": [ 25.297373, 54.69556 ] } },
{ "type": "Feature", "properties": { "Transportas": "Troleibusai", "Marsrutas": "12", "ReisoID": 23160641200, "MasinosNumeris": 1742, "Ilguma": 25269166, "Ilguma_new": 25.269166, "Platuma": 54681805, "Platuma_new": 54.681805, "Greitis": 0, "Azimutas": 108, "ReisoPradziaMinutemis": 720, "NuokrypisSekundemis": -38, "MatavimoLaikas": 44494, "MasinosTipas": "KWNZ", "KryptiesTipas": "B>A", "KryptiesPavadinimas": "Žirmūnai", "ReisoIdGTFS": "T12-08-1-241202-ba-1200", "color": "red" }, "geometry": { "type": "Point", "coordinates": [ 25.269166, 54.681805 ] } },
{ "type": "Feature", "properties": { "Transportas": "Troleibusai", "Marsrutas": "16", "ReisoID": 23160751626, "MasinosNumeris": 2755, "Ilguma": 25215378, "Ilguma_new": 25.215378, "Platuma": 54703033, "Platuma_new": 54.703033, "Greitis": 0, "Azimutas": 100, "ReisoPradziaMinutemis": 986, "NuokrypisSekundemis": 0, "MatavimoLaikas": 44497, "MasinosTipas": "KWNZ", "KryptiesTipas": "D>B", "KryptiesPavadinimas": "Stotis", "ReisoIdGTFS": "T16-13-1-241202-db-1630", "color": "red" }, "geometry": { "type": "Point", "coordinates": [ 25.215378, 54.703033 ] } },
{ "type": "Feature", "properties": { "Transportas": "Troleibusai", "Marsrutas": "16", "ReisoID": 23160761132, "MasinosNumeris": 2800, "Ilguma": 25234280, "Ilguma_new": 25.23428, "Platuma": 54728169, "Platuma_new": 54.728169, "Greitis": 0, "Azimutas": 152, "ReisoPradziaMinutemis": 692, "NuokrypisSekundemis": 0, "MatavimoLaikas": 44492, "MasinosTipas": "KWNZ", "KryptiesTipas": "B>A", "KryptiesPavadinimas": "Pašilaičiai", "ReisoIdGTFS": "T16-01-1-241202-ab-1230", "color": "red" }, "geometry": { "type": "Point", "coordinates": [ 25.23428, 54.728169 ] } },
{ "type": "Feature", "properties": { "Transportas": "Troleibusai", "Marsrutas": "16", "ReisoID": 23160771218, "MasinosNumeris": 2716, "Ilguma": 25232228, "Ilguma_new": 25.232228, "Platuma": 54719276, "Platuma_new": 54.719276, "Greitis": 18, "Azimutas": 202, "ReisoPradziaMinutemis": 738, "NuokrypisSekundemis": 0, "MatavimoLaikas": 44498, "MasinosTipas": "KZ", "KryptiesTipas": "A>B", "KryptiesPavadinimas": "Stotis", "ReisoIdGTFS": "T16-03-1-241202-ab-1220", "color": "red" }, "geometry": { "type": "Point", "coordinates": [ 25.232228, 54.719276 ] } },
{ "type": "Feature", "properties": { "Transportas": "Troleibusai", "Marsrutas": "16", "ReisoID": 23160791146, "MasinosNumeris": 2787, "Ilguma": 25225254, "Ilguma_new": 25.225254, "Platuma": 54703956, "Platuma_new": 54.703956, "Greitis": 23, "Azimutas": 24, "ReisoPradziaMinutemis": 706, "NuokrypisSekundemis": 180, "MatavimoLaikas": 44498, "MasinosTipas": "KWNZ", "KryptiesTipas": "B>A", "KryptiesPavadinimas": "Pašilaičiai", "ReisoIdGTFS": "T16-06-1-241202-ba-1150", "color": "red" }, "geometry": { "type": "Point", "coordinates": [ 25.225254, 54.703956 ] } },
{ "type": "Feature", "properties": { "Transportas": "Troleibusai", "Marsrutas": "16", "ReisoID": 23160801202, "MasinosNumeris": 2795, "Ilguma": 25212175, "Ilguma_new": 25.212175, "Platuma": 54679425, "Platuma_new": 54.679425, "Greitis": 35, "Azimutas": 124, "ReisoPradziaMinutemis": 722, "NuokrypisSekundemis": -32, "MatavimoLaikas": 44495, "MasinosTipas": "KWNZ", "KryptiesTipas": "A>B", "KryptiesPavadinimas": "Stotis", "ReisoIdGTFS": "T16-11-1-241202-ab-1200", "color": "red" }, "geometry": { "type": "Point", "coordinates": [ 25.212175, 54.679425 ] } },
{ "type": "Feature", "properties": { "Transportas": "Troleibusai", "Marsrutas": "16", "ReisoID": 23160811148, "MasinosNumeris": 2715, "Ilguma": 25258371, "Ilguma_new": 25.258371, "Platuma": 54670626, "Platuma_new": 54.670626, "Greitis": 0, "Azimutas": 146, "ReisoPradziaMinutemis": 708, "NuokrypisSekundemis": 25, "MatavimoLaikas": 44497, "MasinosTipas": "KZ", "KryptiesTipas": "A>B", "KryptiesPavadinimas": "Stotis", "ReisoIdGTFS": "T16-09-1-241202-ab-1150", "color": "red" }, "geometry": { "type": "Point", "coordinates": [ 25.258371, 54.670626 ] } },
{ "type": "Feature", "properties": { "Transportas": "Troleibusai", "Marsrutas": "16", "ReisoID": 23160821217, "MasinosNumeris": 2691, "Ilguma": 25283685, "Ilguma_new": 25.283685, "Platuma": 54671014, "Platuma_new": 54.671014, "Greitis": 11, "Azimutas": 302, "ReisoPradziaMinutemis": 737, "NuokrypisSekundemis": 173, "MatavimoLaikas": 44499, "MasinosTipas": "KZ", "KryptiesTipas": "B>A", "KryptiesPavadinimas": "Pašilaičiai", "ReisoIdGTFS": "T16-08-1-241202-ba-1220", "color": "red" }, "geometry": { "type": "Point", "coordinates": [ 25.283685, 54.671014 ] } },
{ "type": "Feature", "properties": { "Transportas": "Troleibusai", "Marsrutas": "16", "ReisoID": 23160831201, "MasinosNumeris": 2689, "Ilguma": 25241829, "Ilguma_new": 25.241829, "Platuma": 54670721, "Platuma_new": 54.670721, "Greitis": 4, "Azimutas": 230, "ReisoPradziaMinutemis": 721, "NuokrypisSekundemis": 234, "MatavimoLaikas": 44498, "MasinosTipas": "KZ", "KryptiesTipas": "B>A", "KryptiesPavadinimas": "Pašilaičiai", "ReisoIdGTFS": "T16-04-1-241202-ba-1200", "color": "red" }, "geometry": { "type": "Point", "coordinates": [ 25.241829, 54.670721 ] } },
{ "type": "Feature", "properties": { "Transportas": "Troleibusai", "Marsrutas": "17", "ReisoID": 23160881157, "MasinosNumeris": 1730, "Ilguma": 25302414, "Ilguma_new": 25.302414, "Platuma": 54699467, "Platuma_new": 54.699467, "Greitis": 42, "Azimutas": 26, "ReisoPradziaMinutemis": 717, "NuokrypisSekundemis": 0, "MatavimoLaikas": 44497, "MasinosTipas": "KWNZ", "KryptiesTipas": "B>A", "KryptiesPavadinimas": "Žirmūnai", "ReisoIdGTFS": "T17-14-1-241202-ba-1200", "color": "red" }, "geometry": { "type": "Point", "coordinates": [ 25.302414, 54.699467 ] } },
{ "type": "Feature", "properties": { "Transportas": "Troleibusai", "Marsrutas": "17", "ReisoID": 23160891217, "MasinosNumeris": 1814, "Ilguma": 25302069, "Ilguma_new": 25.302069, "Platuma": 54720582, "Platuma_new": 54.720582, "Greitis": 0, "Azimutas": 154, "ReisoPradziaMinutemis": 737, "NuokrypisSekundemis": 38, "MatavimoLaikas": 44499, "MasinosTipas": "KWNZ", "KryptiesTipas": "A>B", "KryptiesPavadinimas": "Naujininkai", "ReisoIdGTFS": "T17-15-1-241202-ab-1220", "color": "red" }, "geometry": { "type": "Point", "coordinates": [ 25.302069, 54.720582 ] } },
{ "type": "Feature", "properties": { "Transportas": "Troleibusai", "Marsrutas": "17", "ReisoID": 23160911205, "MasinosNumeris": 1838, "Ilguma": 25280813, "Ilguma_new": 25.280813, "Platuma": 54690700, "Platuma_new": 54.6907, "Greitis": 19, "Azimutas": 100, "ReisoPradziaMinutemis": 725, "NuokrypisSekundemis": 76, "MatavimoLaikas": 44499, "MasinosTipas": "KWNZ", "KryptiesTipas": "B>A", "KryptiesPavadinimas": "Žirmūnai", "ReisoIdGTFS": "T17-01-1-241202-ba-1210", "color": "red" }, "geometry": { "type": "Point", "coordinates": [ 25.280813, 54.6907 ] } },
{ "type": "Feature", "properties": { "Transportas": "Troleibusai", "Marsrutas": "17", "ReisoID": 23160921208, "MasinosNumeris": 1734, "Ilguma": 25299579, "Ilguma_new": 25.299579, "Platuma": 54696816, "Platuma_new": 54.696816, "Greitis": 0, "Azimutas": 230, "ReisoPradziaMinutemis": 728, "NuokrypisSekundemis": 1, "MatavimoLaikas": 44499, "MasinosTipas": "KWNZ", "KryptiesTipas": "A>B", "KryptiesPavadinimas": "Naujininkai", "ReisoIdGTFS": "T17-09-1-241202-ab-1210", "color": "red" }, "geometry": { "type": "Point", "coordinates": [ 25.299579, 54.696816 ] } },
{ "type": "Feature", "properties": { "Transportas": "Troleibusai", "Marsrutas": "17", "ReisoID": 23160941147, "MasinosNumeris": 1702, "Ilguma": 25265537, "Ilguma_new": 25.265537, "Platuma": 54681020, "Platuma_new": 54.68102, "Greitis": 19, "Azimutas": 164, "ReisoPradziaMinutemis": 707, "NuokrypisSekundemis": 143, "MatavimoLaikas": 44499, "MasinosTipas": "KZ", "KryptiesTipas": "A>B", "KryptiesPavadinimas": "Naujininkai", "ReisoIdGTFS": "T17-06-1-241202-ab-1150", "color": "red" }, "geometry": { "type": "Point", "coordinates": [ 25.265537, 54.68102 ] } },
{ "type": "Feature", "properties": { "Transportas": "Troleibusai", "Marsrutas": "17", "ReisoID": 23160951137, "MasinosNumeris": 1825, "Ilguma": 25295325, "Ilguma_new": 25.295325, "Platuma": 54726803, "Platuma_new": 54.726803, "Greitis": 0, "Azimutas": 100, "ReisoPradziaMinutemis": 697, "NuokrypisSekundemis": 0, "MatavimoLaikas": 44497, "MasinosTipas": "KWNZ", "KryptiesTipas": "B>A", "KryptiesPavadinimas": "Žirmūnai", "ReisoIdGTFS": "T17-11-1-241202-ab-1230", "color": "red" }, "geometry": { "type": "Point", "coordinates": [ 25.295325, 54.726803 ] } },
{ "type": "Feature", "properties": { "Transportas": "Troleibusai", "Marsrutas": "17", "ReisoID": 23160961138, "MasinosNumeris": 1818, "Ilguma": 25269623, "Ilguma_new": 25.269623, "Platuma": 54671123, "Platuma_new": 54.671123, "Greitis": 18, "Azimutas": 164, "ReisoPradziaMinutemis": 698, "NuokrypisSekundemis": 401, "MatavimoLaikas": 44499, "MasinosTipas": "KWNZ", "KryptiesTipas": "A>B", "KryptiesPavadinimas": "Naujininkai", "ReisoIdGTFS": "T17-04-1-241202-ab-1140", "color": "red" }, "geometry": { "type": "Point", "coordinates": [ 25.269623, 54.671123 ] } },
{ "type": "Feature", "properties": { "Transportas": "Troleibusai", "Marsrutas": "17", "ReisoID": 23160981147, "MasinosNumeris": 1678, "Ilguma": 25303512, "Ilguma_new": 25.303512, "Platuma": 54719323, "Platuma_new": 54.719323, "Greitis": 2, "Azimutas": 332, "ReisoPradziaMinutemis": 707, "NuokrypisSekundemis": 67, "MatavimoLaikas": 44492, "MasinosTipas": "KZ", "KryptiesTipas": "B>A", "KryptiesPavadinimas": "Žirmūnai", "ReisoIdGTFS": "T17-12-1-241202-ba-1150", "color": "red" }, "geometry": { "type": "Point", "coordinates": [ 25.303512, 54.719323 ] } },
{ "type": "Feature", "properties": { "Transportas": "Troleibusai", "Marsrutas": "17", "ReisoID": 23160991213, "MasinosNumeris": 1812, "Ilguma": 25265097, "Ilguma_new": 25.265097, "Platuma": 54682181, "Platuma_new": 54.682181, "Greitis": 2, "Azimutas": 314, "ReisoPradziaMinutemis": 733, "NuokrypisSekundemis": 54, "MatavimoLaikas": 44495, "MasinosTipas": "KWNZ", "KryptiesTipas": "B>A", "KryptiesPavadinimas": "Žirmūnai", "ReisoIdGTFS": "T17-03-1-241202-ba-1210", "color": "red" }, "geometry": { "type": "Point", "coordinates": [ 25.265097, 54.682181 ] } },
{ "type": "Feature", "properties": { "Transportas": "Troleibusai", "Marsrutas": "17", "ReisoID": 23161001158, "MasinosNumeris": 1674, "Ilguma": 25280366, "Ilguma_new": 25.280366, "Platuma": 54690841, "Platuma_new": 54.690841, "Greitis": 0, "Azimutas": 276, "ReisoPradziaMinutemis": 718, "NuokrypisSekundemis": 59, "MatavimoLaikas": 44495, "MasinosTipas": "KZ", "KryptiesTipas": "A>B", "KryptiesPavadinimas": "Naujininkai", "ReisoIdGTFS": "T17-08-1-241202-ab-1200", "color": "red" }, "geometry": { "type": "Point", "coordinates": [ 25.280366, 54.690841 ] } },
{ "type": "Feature", "properties": { "Transportas": "Troleibusai", "Marsrutas": "20", "ReisoID": 23161031200, "MasinosNumeris": 1726, "Ilguma": 25280527, "Ilguma_new": 25.280527, "Platuma": 54690778, "Platuma_new": 54.690778, "Greitis": 0, "Azimutas": 274, "ReisoPradziaMinutemis": 720, "NuokrypisSekundemis": -72, "MatavimoLaikas": 44494, "MasinosTipas": "KWZ", "KryptiesTipas": "A>B", "KryptiesPavadinimas": "Stotis", "ReisoIdGTFS": "T20-01-1-241202-ab-1200", "color": "red" }, "geometry": { "type": "Point", "coordinates": [ 25.280527, 54.690778 ] } },
{ "type": "Feature", "properties": { "Transportas": "Troleibusai", "Marsrutas": "20", "ReisoID": 23161040538, "MasinosNumeris": 1722, "Ilguma": 25322611, "Ilguma_new": 25.322611, "Platuma": 54709022, "Platuma_new": 54.709022, "Greitis": 0, "Azimutas": 8, "ReisoPradziaMinutemis": 338, "NuokrypisSekundemis": null, "MatavimoLaikas": 44474, "MasinosTipas": "KWZ", "KryptiesTipas": "D>A", "KryptiesPavadinimas": "Žirmūnai", "ReisoIdGTFS": "T20-02-1-241202-da-0540", "color": "red" }, "geometry": { "type": "Point", "coordinates": [ 25.322611, 54.709022 ] } },
{ "type": "Feature", "properties": { "Transportas": "Troleibusai", "Marsrutas": "20", "ReisoID": 23161041220, "MasinosNumeris": 1635, "Ilguma": 25298050, "Ilguma_new": 25.29805, "Platuma": 54724088, "Platuma_new": 54.724088, "Greitis": 31, "Azimutas": 180, "ReisoPradziaMinutemis": 740, "NuokrypisSekundemis": 36, "MatavimoLaikas": 44499, "MasinosTipas": null, "KryptiesTipas": "A>B", "KryptiesPavadinimas": "Stotis", "ReisoIdGTFS": "T20-02-1-241202-ab-1220", "color": "red" }, "geometry": { "type": "Point", "coordinates": [ 25.29805, 54.724088 ] } },
{ "type": "Feature", "properties": { "Transportas": "Troleibusai", "Marsrutas": "20", "ReisoID": 23161051151, "MasinosNumeris": 1741, "Ilguma": 25303108, "Ilguma_new": 25.303108, "Platuma": 54719690, "Platuma_new": 54.71969, "Greitis": 0, "Azimutas": 328, "ReisoPradziaMinutemis": 711, "NuokrypisSekundemis": 43, "MatavimoLaikas": 44498, "MasinosTipas": "KZ", "KryptiesTipas": "B>A", "KryptiesPavadinimas": "Žirmūnai", "ReisoIdGTFS": "T20-03-1-241202-ba-1150", "color": "red" }, "geometry": { "type": "Point", "coordinates": [ 25.303108, 54.71969 ] } },
{ "type": "Feature", "properties": { "Transportas": "Troleibusai", "Marsrutas": "20", "ReisoID": 23161061214, "MasinosNumeris": 1816, "Ilguma": 25278467, "Ilguma_new": 25.278467, "Platuma": 54679919, "Platuma_new": 54.679919, "Greitis": 24, "Azimutas": 350, "ReisoPradziaMinutemis": 734, "NuokrypisSekundemis": 55, "MatavimoLaikas": 44499, "MasinosTipas": "KWNZ", "KryptiesTipas": "B>A", "KryptiesPavadinimas": "Žirmūnai", "ReisoIdGTFS": "T20-04-1-241202-ba-1210", "color": "red" }, "geometry": { "type": "Point", "coordinates": [ 25.278467, 54.679919 ] } },
{ "type": "Feature", "properties": { "Transportas": "Troleibusai", "Marsrutas": "21", "ReisoID": 23161081217, "MasinosNumeris": 1733, "Ilguma": 25303822, "Ilguma_new": 25.303822, "Platuma": 54718805, "Platuma_new": 54.718805, "Greitis": 20, "Azimutas": 162, "ReisoPradziaMinutemis": 737, "NuokrypisSekundemis": -22, "MatavimoLaikas": 44496, "MasinosTipas": "KWNZ", "KryptiesTipas": "B>A", "KryptiesPavadinimas": "Antakalnis", "ReisoIdGTFS": "T21-01-1-241202-ba-1220", "color": "red" }, "geometry": { "type": "Point", "coordinates": [ 25.303822, 54.718805 ] } },
{ "type": "Feature", "properties": { "Transportas": "Autobusai", "Marsrutas": "3", "ReisoID": 23167941153, "MasinosNumeris": 4031, "Ilguma": 25266744, "Ilguma_new": 25.266744, "Platuma": 54647521, "Platuma_new": 54.647521, "Greitis": 44, "Azimutas": 24, "ReisoPradziaMinutemis": 713, "NuokrypisSekundemis": 38, "MatavimoLaikas": 44499, "MasinosTipas": "KZ", "KryptiesTipas": "B>A", "KryptiesPavadinimas": "Stotis", "ReisoIdGTFS": "A3-01-1-241202-ba-1150", "color": "blue" }, "geometry": { "type": "Point", "coordinates": [ 25.266744, 54.647521 ] } },
{ "type": "Feature", "properties": { "Transportas": "Autobusai", "Marsrutas": "3", "ReisoID": 23167961142, "MasinosNumeris": 948, "Ilguma": 25221538, "Ilguma_new": 25.221538, "Platuma": 54612220, "Platuma_new": 54.61222, "Greitis": 40, "Azimutas": 282, "ReisoPradziaMinutemis": 702, "NuokrypisSekundemis": 287, "MatavimoLaikas": 44497, "MasinosTipas": "Z", "KryptiesTipas": "A>B", "KryptiesPavadinimas": "Vaidotai", "ReisoIdGTFS": "A3-03-1-241202-ab-1140", "color": "blue" }, "geometry": { "type": "Point", "coordinates": [ 25.221538, 54.61222 ] } },
{ "type": "Feature", "properties": { "Transportas": "Autobusai", "Marsrutas": "67", "ReisoID": 23168221209, "MasinosNumeris": 935, "Ilguma": 25426029, "Ilguma_new": 25.426029, "Platuma": 54695579, "Platuma_new": 54.695579, "Greitis": 40, "Azimutas": 268, "ReisoPradziaMinutemis": 729, "NuokrypisSekundemis": -27, "MatavimoLaikas": 44499, "MasinosTipas": "Z", "KryptiesTipas": "B>A", "KryptiesPavadinimas": "Parko g.", "ReisoIdGTFS": "A67-01-1-241202-ba-1210", "color": "blue" }, "geometry": { "type": "Point", "coordinates": [ 25.426029, 54.695579 ] } },
{ "type": "Feature", "properties": { "Transportas": "Autobusai", "Marsrutas": "115", "ReisoID": 23168241203, "MasinosNumeris": 3038, "Ilguma": 25363179, "Ilguma_new": 25.363179, "Platuma": 54703616, "Platuma_new": 54.703616, "Greitis": 14, "Azimutas": 50, "ReisoPradziaMinutemis": 723, "NuokrypisSekundemis": 13, "MatavimoLaikas": 44498, "MasinosTipas": "KZ", "KryptiesTipas": "A>B", "KryptiesPavadinimas": "Linksmoji g.", "ReisoIdGTFS": "A115-01-1-241202-ab-1200", "color": "blue" }, "geometry": { "type": "Point", "coordinates": [ 25.363179, 54.703616 ] } },
{ "type": "Feature", "properties": { "Transportas": "Autobusai", "Marsrutas": "115", "ReisoID": 23168251226, "MasinosNumeris": 4513, "Ilguma": 25318454, "Ilguma_new": 25.318454, "Platuma": 54722432, "Platuma_new": 54.722432, "Greitis": 0, "Azimutas": 158, "ReisoPradziaMinutemis": 746, "NuokrypisSekundemis": 0, "MatavimoLaikas": 44494, "MasinosTipas": "KWZ", "KryptiesTipas": "A>B", "KryptiesPavadinimas": "Linksmoji g.", "ReisoIdGTFS": "A115-02-1-241202-ab-1230", "color": "blue" }, "geometry": { "type": "Point", "coordinates": [ 25.318454, 54.722432 ] } },
{ "type": "Feature", "properties": { "Transportas": "Autobusai", "Marsrutas": "115", "ReisoID": 23168271203, "MasinosNumeris": 983, "Ilguma": 25393032, "Ilguma_new": 25.393032, "Platuma": 54706509, "Platuma_new": 54.706509, "Greitis": 32, "Azimutas": 358, "ReisoPradziaMinutemis": 723, "NuokrypisSekundemis": 89, "MatavimoLaikas": 44497, "MasinosTipas": "Z", "KryptiesTipas": "B>A", "KryptiesPavadinimas": "Antakalnis", "ReisoIdGTFS": "A115-04-1-241202-ba-1200", "color": "blue" }, "geometry": { "type": "Point", "coordinates": [ 25.393032, 54.706509 ] } },
{ "type": "Feature", "properties": { "Transportas": "Autobusai", "Marsrutas": "115", "ReisoID": 23168281135, "MasinosNumeris": 751, "Ilguma": 25417371, "Ilguma_new": 25.417371, "Platuma": 54680069, "Platuma_new": 54.680069, "Greitis": 0, "Azimutas": 268, "ReisoPradziaMinutemis": 695, "NuokrypisSekundemis": 0, "MatavimoLaikas": 44490, "MasinosTipas": "KZ", "KryptiesTipas": "A>B", "KryptiesPavadinimas": "Linksmoji g.", "ReisoIdGTFS": "A115-05-1-241202-ba-1230", "color": "blue" }, "geometry": { "type": "Point", "coordinates": [ 25.417371, 54.680069 ] } },
{ "type": "Feature", "properties": { "Transportas": "Autobusai", "Marsrutas": "118", "ReisoID": 23168351221, "MasinosNumeris": 581, "Ilguma": 25218883, "Ilguma_new": 25.218883, "Platuma": 54734976, "Platuma_new": 54.734976, "Greitis": 5, "Azimutas": 168, "ReisoPradziaMinutemis": 741, "NuokrypisSekundemis": 62, "MatavimoLaikas": 44497, "MasinosTipas": "KWNZ", "KryptiesTipas": "B>A", "KryptiesPavadinimas": "Pilaitė", "ReisoIdGTFS": "A118-01-1-241202-ba-1220", "color": "blue" }, "geometry": { "type": "Point", "coordinates": [ 25.218883, 54.734976 ] } },
{ "type": "Feature", "properties": { "Transportas": "Autobusai", "Marsrutas": "118", "ReisoID": 23168361200, "MasinosNumeris": 571, "Ilguma": 25175586, "Ilguma_new": 25.175586, "Platuma": 54707388, "Platuma_new": 54.707388, "Greitis": 0, "Azimutas": 272, "ReisoPradziaMinutemis": 720, "NuokrypisSekundemis": -34, "MatavimoLaikas": 44492, "MasinosTipas": "KWNZ", "KryptiesTipas": "B>A", "KryptiesPavadinimas": "Pilaitė", "ReisoIdGTFS": "A118-02-1-241202-ba-1200", "color": "blue" }, "geometry": { "type": "Point", "coordinates": [ 25.175586, 54.707388 ] } },
{ "type": "Feature", "properties": { "Transportas": "Autobusai", "Marsrutas": "118", "ReisoID": 23168371215, "MasinosNumeris": 567, "Ilguma": 25182024, "Ilguma_new": 25.182024, "Platuma": 54709916, "Platuma_new": 54.709916, "Greitis": 0, "Azimutas": 2, "ReisoPradziaMinutemis": 735, "NuokrypisSekundemis": 21, "MatavimoLaikas": 44496, "MasinosTipas": "KWNZ", "KryptiesTipas": "A>B", "KryptiesPavadinimas": "Pašilaičiai", "ReisoIdGTFS": "A118-03-1-241202-ab-1220", "color": "blue" }, "geometry": { "type": "Point", "coordinates": [ 25.182024, 54.709916 ] } },
{ "type": "Feature", "properties": { "Transportas": "Autobusai", "Marsrutas": "121", "ReisoID": 23168451219, "MasinosNumeris": 557, "Ilguma": 25295869, "Ilguma_new": 25.295869, "Platuma": 54797999, "Platuma_new": 54.797999, "Greitis": 23, "Azimutas": 200, "ReisoPradziaMinutemis": 739, "NuokrypisSekundemis": 74, "MatavimoLaikas": 44498, "MasinosTipas": "KWNZ", "KryptiesTipas": "B>A", "KryptiesPavadinimas": "Santariškės", "ReisoIdGTFS": "A121-01-1-241202-ba-1220", "color": "blue" }, "geometry": { "type": "Point", "coordinates": [ 25.295869, 54.797999 ] } },
{ "type": "Feature", "properties": { "Transportas": "Autobusai", "Marsrutas": "121", "ReisoID": 23168461154, "MasinosNumeris": 563, "Ilguma": 25281087, "Ilguma_new": 25.281087, "Platuma": 54755984, "Platuma_new": 54.755984, "Greitis": 0, "Azimutas": 44, "ReisoPradziaMinutemis": 714, "NuokrypisSekundemis": 0, "MatavimoLaikas": 44498, "MasinosTipas": "KWNZ", "KryptiesTipas": "B>A", "KryptiesPavadinimas": "Santariškės", "ReisoIdGTFS": "A121-02-1-241202-ab-1220", "color": "blue" }, "geometry": { "type": "Point", "coordinates": [ 25.281087, 54.755984 ] } },
{ "type": "Feature", "properties": { "Transportas": "Autobusai", "Marsrutas": "7", "ReisoID": 23418691141, "MasinosNumeris": 8006, "Ilguma": 25200652, "Ilguma_new": 25.200652, "Platuma": 54674473, "Platuma_new": 54.674473, "Greitis": 33, "Azimutas": 138, "ReisoPradziaMinutemis": 701, "NuokrypisSekundemis": 56, "MatavimoLaikas": 44498, "MasinosTipas": "KWZ", "KryptiesTipas": "A>B", "KryptiesPavadinimas": "Lazdynai", "ReisoIdGTFS": "A7-01-1-250120-ab-1140", "color": "blue" }, "geometry": { "type": "Point", "coordinates": [ 25.200652, 54.674473 ] } },
{ "type": "Feature", "properties": { "Transportas": "Autobusai", "Marsrutas": "7", "ReisoID": 23418711226, "MasinosNumeris": 8041, "Ilguma": 25302008, "Ilguma_new": 25.302008, "Platuma": 54710883, "Platuma_new": 54.710883, "Greitis": 0, "Azimutas": 136, "ReisoPradziaMinutemis": 746, "NuokrypisSekundemis": 0, "MatavimoLaikas": 44495, "MasinosTipas": "KWZ", "KryptiesTipas": "A>B", "KryptiesPavadinimas": "Lazdynai", "ReisoIdGTFS": "A7-03-1-250120-ab-1230", "color": "blue" }, "geometry": { "type": "Point", "coordinates": [ 25.302008, 54.710883 ] } },
{ "type": "Feature", "properties": { "Transportas": "Autobusai", "Marsrutas": "7", "ReisoID": 23418721216, "MasinosNumeris": 8037, "Ilguma": 25207767, "Ilguma_new": 25.207767, "Platuma": 54685408, "Platuma_new": 54.685408, "Greitis": 28, "Azimutas": 4, "ReisoPradziaMinutemis": 736, "NuokrypisSekundemis": 16, "MatavimoLaikas": 44495, "MasinosTipas": "KWZ", "KryptiesTipas": "B>A", "KryptiesPavadinimas": "Šiaurės miestelis", "ReisoIdGTFS": "A7-02-1-250120-ba-1220", "color": "blue" }, "geometry": { "type": "Point", "coordinates": [ 25.207767, 54.685408 ] } },
{ "type": "Feature", "properties": { "Transportas": "Autobusai", "Marsrutas": "7", "ReisoID": 23418741156, "MasinosNumeris": 8008, "Ilguma": 25227096, "Ilguma_new": 25.227096, "Platuma": 54707282, "Platuma_new": 54.707282, "Greitis": 22, "Azimutas": 272, "ReisoPradziaMinutemis": 716, "NuokrypisSekundemis": -56, "MatavimoLaikas": 44495, "MasinosTipas": "KWZ", "KryptiesTipas": "A>B", "KryptiesPavadinimas": "Lazdynai", "ReisoIdGTFS": "A7-05-1-250120-ab-1200", "color": "blue" }, "geometry": { "type": "Point", "coordinates": [ 25.227096, 54.707282 ] } },
{ "type": "Feature", "properties": { "Transportas": "Autobusai", "Marsrutas": "7", "ReisoID": 23418761201, "MasinosNumeris": 8028, "Ilguma": 25258346, "Ilguma_new": 25.258346, "Platuma": 54711197, "Platuma_new": 54.711197, "Greitis": 3, "Azimutas": 56, "ReisoPradziaMinutemis": 721, "NuokrypisSekundemis": -24, "MatavimoLaikas": 44499, "MasinosTipas": "KWZ", "KryptiesTipas": "B>A", "KryptiesPavadinimas": "Šiaurės miestelis", "ReisoIdGTFS": "A7-08-1-250120-ba-1200", "color": "blue" }, "geometry": { "type": "Point", "coordinates": [ 25.258346, 54.711197 ] } },
{ "type": "Feature", "properties": { "Transportas": "Autobusai", "Marsrutas": "7", "ReisoID": 23418771211, "MasinosNumeris": 8023, "Ilguma": 25295263, "Ilguma_new": 25.295263, "Platuma": 54718106, "Platuma_new": 54.718106, "Greitis": 23, "Azimutas": 194, "ReisoPradziaMinutemis": 731, "NuokrypisSekundemis": -31, "MatavimoLaikas": 44498, "MasinosTipas": "KWZ", "KryptiesTipas": "A>B", "KryptiesPavadinimas": "Lazdynai", "ReisoIdGTFS": "A7-09-1-250120-ab-1210", "color": "blue" }, "geometry": { "type": "Point", "coordinates": [ 25.295263, 54.718106 ] } },
{ "type": "Feature", "properties": { "Transportas": "Autobusai", "Marsrutas": "7", "ReisoID": 23418781147, "MasinosNumeris": 8027, "Ilguma": 25301950, "Ilguma_new": 25.30195, "Platuma": 54720622, "Platuma_new": 54.720622, "Greitis": 0, "Azimutas": 156, "ReisoPradziaMinutemis": 707, "NuokrypisSekundemis": 64, "MatavimoLaikas": 44495, "MasinosTipas": "KWZ", "KryptiesTipas": "B>A", "KryptiesPavadinimas": "Šiaurės miestelis", "ReisoIdGTFS": "A7-10-1-250120-ba-1150", "color": "blue" }, "geometry": { "type": "Point", "coordinates": [ 25.30195, 54.720622 ] } },
{ "type": "Feature", "properties": { "Transportas": "Autobusai", "Marsrutas": "43", "ReisoID": 23418791123, "MasinosNumeris": 8029, "Ilguma": 25213433, "Ilguma_new": 25.213433, "Platuma": 54709484, "Platuma_new": 54.709484, "Greitis": 0, "Azimutas": 12, "ReisoPradziaMinutemis": 683, "NuokrypisSekundemis": 0, "MatavimoLaikas": 44492, "MasinosTipas": "KWZ", "KryptiesTipas": "B>A", "KryptiesPavadinimas": "Justiniškės", "ReisoIdGTFS": "A43-01-1-250120-ab-1220", "color": "blue" }, "geometry": { "type": "Point", "coordinates": [ 25.213433, 54.709484 ] } },
{ "type": "Feature", "properties": { "Transportas": "Autobusai", "Marsrutas": "43", "ReisoID": 23418802016, "MasinosNumeris": 8005, "Ilguma": 25254658, "Ilguma_new": 25.254658, "Platuma": 54634033, "Platuma_new": 54.634033, "Greitis": 0, "Azimutas": 358, "ReisoPradziaMinutemis": 1216, "NuokrypisSekundemis": null, "MatavimoLaikas": 43177, "MasinosTipas": "KWZ", "KryptiesTipas": "X>D", "KryptiesPavadinimas": "AP2(Transrevis)", "ReisoIdGTFS": "A43-04-1-250120-xd-2020", "color": "blue" }, "geometry": { "type": "Point", "coordinates": [ 25.254658, 54.634033 ] } },
{ "type": "Feature", "properties": { "Transportas": "Autobusai", "Marsrutas": "43", "ReisoID": 23418811205, "MasinosNumeris": 8018, "Ilguma": 25252012, "Ilguma_new": 25.252012, "Platuma": 54709882, "Platuma_new": 54.709882, "Greitis": 0, "Azimutas": 330, "ReisoPradziaMinutemis": 725, "NuokrypisSekundemis": 129, "MatavimoLaikas": 44496, "MasinosTipas": "KWZ", "KryptiesTipas": "B>A", "KryptiesPavadinimas": "Justiniškės", "ReisoIdGTFS": "A43-03-1-250120-ba-1210", "color": "blue" }, "geometry": { "type": "Point", "coordinates": [ 25.252012, 54.709882 ] } },
{ "type": "Feature", "properties": { "Transportas": "Autobusai", "Marsrutas": "12", "ReisoID": 23448081217, "MasinosNumeris": 4026, "Ilguma": 25297107, "Ilguma_new": 25.297107, "Platuma": 54667494, "Platuma_new": 54.667494, "Greitis": 0, "Azimutas": 154, "ReisoPradziaMinutemis": 737, "NuokrypisSekundemis": -33, "MatavimoLaikas": 44493, "MasinosTipas": "KZ", "KryptiesTipas": "A>B", "KryptiesPavadinimas": "Skaidiškės", "ReisoIdGTFS": "A12-01-1-250120-ab-1220", "color": "blue" }, "geometry": { "type": "Point", "coordinates": [ 25.297107, 54.667494 ] } },
{ "type": "Feature", "properties": { "Transportas": "Autobusai", "Marsrutas": "12", "ReisoID": 23448091140, "MasinosNumeris": 4186, "Ilguma": 25385989, "Ilguma_new": 25.385989, "Platuma": 54609256, "Platuma_new": 54.609256, "Greitis": 9, "Azimutas": 180, "ReisoPradziaMinutemis": 700, "NuokrypisSekundemis": 29, "MatavimoLaikas": 44491, "MasinosTipas": "KWNZD", "KryptiesTipas": "A>B", "KryptiesPavadinimas": "Skaidiškės", "ReisoIdGTFS": "A12-02-1-250120-ba-1220", "color": "blue" }, "geometry": { "type": "Point", "coordinates": [ 25.385989, 54.609256 ] } },
{ "type": "Feature", "properties": { "Transportas": "Autobusai", "Marsrutas": "12", "ReisoID": 23448101158, "MasinosNumeris": 4188, "Ilguma": 25302897, "Ilguma_new": 25.302897, "Platuma": 54650719, "Platuma_new": 54.650719, "Greitis": 18, "Azimutas": 344, "ReisoPradziaMinutemis": 718, "NuokrypisSekundemis": -37, "MatavimoLaikas": 44494, "MasinosTipas": "KWNZD", "KryptiesTipas": "B>A", "KryptiesPavadinimas": "Stotis", "ReisoIdGTFS": "A12-03-1-250120-ba-1200", "color": "blue" }, "geometry": { "type": "Point", "coordinates": [ 25.302897, 54.650719 ] } },
{ "type": "Feature", "properties": { "Transportas": "Autobusai", "Marsrutas": "16", "ReisoID": 23448111156, "MasinosNumeris": 4197, "Ilguma": 25290657, "Ilguma_new": 25.290657, "Platuma": 54671880, "Platuma_new": 54.67188, "Greitis": 18, "Azimutas": 318, "ReisoPradziaMinutemis": 716, "NuokrypisSekundemis": 0, "MatavimoLaikas": 44500, "MasinosTipas": "KWNZD", "KryptiesTipas": "B>A", "KryptiesPavadinimas": "Stotis", "ReisoIdGTFS": "A16-02-1-250120-ab-1230", "color": "blue" }, "geometry": { "type": "Point", "coordinates": [ 25.290657, 54.67188 ] } },
{ "type": "Feature", "properties": { "Transportas": "Autobusai", "Marsrutas": "16", "ReisoID": 23448121208, "MasinosNumeris": 4177, "Ilguma": 25338855, "Ilguma_new": 25.338855, "Platuma": 54644335, "Platuma_new": 54.644335, "Greitis": 0, "Azimutas": 114, "ReisoPradziaMinutemis": 728, "NuokrypisSekundemis": -13, "MatavimoLaikas": 44492, "MasinosTipas": "KWNZD", "KryptiesTipas": "A>B", "KryptiesPavadinimas": "Skaidiškės", "ReisoIdGTFS": "A16-01-1-250120-ab-1210", "color": "blue" }, "geometry": { "type": "Point", "coordinates": [ 25.338855, 54.644335 ] } },
{ "type": "Feature", "properties": { "Transportas": "Autobusai", "Marsrutas": "16", "ReisoID": 23448131219, "MasinosNumeris": 4647, "Ilguma": 25383693, "Ilguma_new": 25.383693, "Platuma": 54606573, "Platuma_new": 54.606573, "Greitis": 0, "Azimutas": 36, "ReisoPradziaMinutemis": 739, "NuokrypisSekundemis": 45, "MatavimoLaikas": 44490, "MasinosTipas": "Z", "KryptiesTipas": "B>A", "KryptiesPavadinimas": "Stotis", "ReisoIdGTFS": "A16-03-1-250120-ba-1220", "color": "blue" }, "geometry": { "type": "Point", "coordinates": [ 25.383693, 54.606573 ] } },
{ "type": "Feature", "properties": { "Transportas": "Autobusai", "Marsrutas": "59", "ReisoID": 23455261207, "MasinosNumeris": 769, "Ilguma": 25160945, "Ilguma_new": 25.160945, "Platuma": 54659150, "Platuma_new": 54.65915, "Greitis": 7, "Azimutas": 54, "ReisoPradziaMinutemis": 727, "NuokrypisSekundemis": 0, "MatavimoLaikas": 44498, "MasinosTipas": "KZ", "KryptiesTipas": "A>B", "KryptiesPavadinimas": "Žvėrynas", "ReisoIdGTFS": "A59-01-1-250120-ab-1210", "color": "blue" }, "geometry": { "type": "Point", "coordinates": [ 25.160945, 54.65915 ] } },
{ "type": "Feature", "properties": { "Transportas": "Autobusai", "Marsrutas": "59", "ReisoID": 23455271221, "MasinosNumeris": 3102, "Ilguma": 25246222, "Ilguma_new": 25.246222, "Platuma": 54698603, "Platuma_new": 54.698603, "Greitis": 6, "Azimutas": 10, "ReisoPradziaMinutemis": 741, "NuokrypisSekundemis": 7, "MatavimoLaikas": 44496, "MasinosTipas": "KWZ", "KryptiesTipas": "B>A", "KryptiesPavadinimas": "Grigiškės", "ReisoIdGTFS": "A59-03-1-250120-ba-1220", "color": "blue" }, "geometry": { "type": "Point", "coordinates": [ 25.246222, 54.698603 ] } },
{ "type": "Feature", "properties": { "Transportas": "Autobusai", "Marsrutas": "59", "ReisoID": 23455281155, "MasinosNumeris": 3114, "Ilguma": 25135261, "Ilguma_new": 25.135261, "Platuma": 54660495, "Platuma_new": 54.660495, "Greitis": 79, "Azimutas": 300, "ReisoPradziaMinutemis": 715, "NuokrypisSekundemis": 32, "MatavimoLaikas": 44493, "MasinosTipas": "KWZ", "KryptiesTipas": "B>A", "KryptiesPavadinimas": "Grigiškės", "ReisoIdGTFS": "A59-05-1-250120-ba-1200", "color": "blue" }, "geometry": { "type": "Point", "coordinates": [ 25.135261, 54.660495 ] } },
{ "type": "Feature", "properties": { "Transportas": "Autobusai", "Marsrutas": "59", "ReisoID": 23455291006, "MasinosNumeris": 3111, "Ilguma": 25215774, "Ilguma_new": 25.215774, "Platuma": 54703794, "Platuma_new": 54.703794, "Greitis": 0, "Azimutas": 322, "ReisoPradziaMinutemis": 606, "NuokrypisSekundemis": 0, "MatavimoLaikas": 44485, "MasinosTipas": "KWZ", "KryptiesTipas": "B>D", "KryptiesPavadinimas": "2-asis troleibusų parkas (Justiniškių g.)", "ReisoIdGTFS": "A59-04-1-250120-db-1620", "color": "blue" }, "geometry": { "type": "Point", "coordinates": [ 25.215774, 54.703794 ] } },
{ "type": "Feature", "properties": { "Transportas": "Autobusai", "Marsrutas": "50", "ReisoID": 23455741159, "MasinosNumeris": 953, "Ilguma": 25286827, "Ilguma_new": 25.286827, "Platuma": 54716860, "Platuma_new": 54.71686, "Greitis": 33, "Azimutas": 0, "ReisoPradziaMinutemis": 719, "NuokrypisSekundemis": 9, "MatavimoLaikas": 44494, "MasinosTipas": "Z", "KryptiesTipas": "A>B", "KryptiesPavadinimas": "Bajorai", "ReisoIdGTFS": "A50-03-1-250120-ab-1200", "color": "blue" }, "geometry": { "type": "Point", "coordinates": [ 25.286827, 54.71686 ] } },
{ "type": "Feature", "properties": { "Transportas": "Autobusai", "Marsrutas": "50", "ReisoID": 23455751158, "MasinosNumeris": 4136, "Ilguma": 25283948, "Ilguma_new": 25.283948, "Platuma": 54704211, "Platuma_new": 54.704211, "Greitis": 0, "Azimutas": 186, "ReisoPradziaMinutemis": 718, "NuokrypisSekundemis": -41, "MatavimoLaikas": 44498, "MasinosTipas": "KWZ", "KryptiesTipas": "B>A", "KryptiesPavadinimas": "Antakalnis", "ReisoIdGTFS": "A50-06-1-250120-ba-1200", "color": "blue" }, "geometry": { "type": "Point", "coordinates": [ 25.283948, 54.704211 ] } },
{ "type": "Feature", "properties": { "Transportas": "Autobusai", "Marsrutas": "50", "ReisoID": 23455761057, "MasinosNumeris": 757, "Ilguma": 25318315, "Ilguma_new": 25.318315, "Platuma": 54722582, "Platuma_new": 54.722582, "Greitis": 0, "Azimutas": 160, "ReisoPradziaMinutemis": 657, "NuokrypisSekundemis": 0, "MatavimoLaikas": 43255, "MasinosTipas": "Z", "KryptiesTipas": "A>A1", "KryptiesPavadinimas": "Antakalnio žiedas(pietūs)", "ReisoIdGTFS": "A50-04-1-250120-aa1-1100", "color": "blue" }, "geometry": { "type": "Point", "coordinates": [ 25.318315, 54.722582 ] } },
{ "type": "Feature", "properties": { "Transportas": "Autobusai", "Marsrutas": "50", "ReisoID": 23455771135, "MasinosNumeris": 942, "Ilguma": 25318381, "Ilguma_new": 25.318381, "Platuma": 54722393, "Platuma_new": 54.722393, "Greitis": 0, "Azimutas": 176, "ReisoPradziaMinutemis": 695, "NuokrypisSekundemis": 0, "MatavimoLaikas": 44497, "MasinosTipas": "Z", "KryptiesTipas": "B>A", "KryptiesPavadinimas": "Antakalnis", "ReisoIdGTFS": "A50-05-1-250120-ab-1220", "color": "blue" }, "geometry": { "type": "Point", "coordinates": [ 25.318381, 54.722393 ] } },
{ "type": "Feature", "properties": { "Transportas": "Autobusai", "Marsrutas": "50", "ReisoID": 23455781134, "MasinosNumeris": 4512, "Ilguma": 25256933, "Ilguma_new": 25.256933, "Platuma": 54757643, "Platuma_new": 54.757643, "Greitis": 0, "Azimutas": 114, "ReisoPradziaMinutemis": 694, "NuokrypisSekundemis": 24, "MatavimoLaikas": 44493, "MasinosTipas": "KWZ", "KryptiesTipas": "A>B", "KryptiesPavadinimas": "Bajorai", "ReisoIdGTFS": "A50-01-1-250120-ba-1220", "color": "blue" }, "geometry": { "type": "Point", "coordinates": [ 25.256933, 54.757643 ] } },
{ "type": "Feature", "properties": { "Transportas": "Autobusai", "Marsrutas": "117", "ReisoID": 23455801220, "MasinosNumeris": 586, "Ilguma": 25173987, "Ilguma_new": 25.173987, "Platuma": 54703704, "Platuma_new": 54.703704, "Greitis": 34, "Azimutas": 30, "ReisoPradziaMinutemis": 740, "NuokrypisSekundemis": 68, "MatavimoLaikas": 44493, "MasinosTipas": "KWNZ", "KryptiesTipas": "A>B", "KryptiesPavadinimas": "Platiniškės", "ReisoIdGTFS": "A117-02-1-250120-ab-1220", "color": "blue" }, "geometry": { "type": "Point", "coordinates": [ 25.173987, 54.703704 ] } },
{ "type": "Feature", "properties": { "Transportas": "Autobusai", "Marsrutas": "117", "ReisoID": 23455811214, "MasinosNumeris": 585, "Ilguma": 25166504, "Ilguma_new": 25.166504, "Platuma": 54698941, "Platuma_new": 54.698941, "Greitis": 0, "Azimutas": 284, "ReisoPradziaMinutemis": 734, "NuokrypisSekundemis": 7, "MatavimoLaikas": 44498, "MasinosTipas": "KWNZ", "KryptiesTipas": "B>A", "KryptiesPavadinimas": "Pilaitė", "ReisoIdGTFS": "A117-01-1-250120-ba-1210", "color": "blue" }, "geometry": { "type": "Point", "coordinates": [ 25.166504, 54.698941 ] } },
{ "type": "Feature", "properties": { "Transportas": "Autobusai", "Marsrutas": "123", "ReisoID": 23455941202, "MasinosNumeris": 584, "Ilguma": 25260763, "Ilguma_new": 25.260763, "Platuma": 54692609, "Platuma_new": 54.692609, "Greitis": 48, "Azimutas": 20, "ReisoPradziaMinutemis": 722, "NuokrypisSekundemis": 99, "MatavimoLaikas": 44497, "MasinosTipas": "KWNZ", "KryptiesTipas": "A>B", "KryptiesPavadinimas": "Centras (Lukiškių g.)", "ReisoIdGTFS": "A123-01-1-250120-ab-1200", "color": "blue" }, "geometry": { "type": "Point", "coordinates": [ 25.260763, 54.692609 ] } },
{ "type": "Feature", "properties": { "Transportas": "Autobusai", "Marsrutas": "123", "ReisoID": 23455951232, "MasinosNumeris": 579, "Ilguma": 25203355, "Ilguma_new": 25.203355, "Platuma": 54638602, "Platuma_new": 54.638602, "Greitis": 16, "Azimutas": 64, "ReisoPradziaMinutemis": 752, "NuokrypisSekundemis": 0, "MatavimoLaikas": 44498, "MasinosTipas": "KWNZ", "KryptiesTipas": "A>B", "KryptiesPavadinimas": "Centras (Lukiškių g.)", "ReisoIdGTFS": "A123-02-1-250120-ab-1230", "color": "blue" }, "geometry": { "type": "Point", "coordinates": [ 25.203355, 54.638602 ] } },
{ "type": "Feature", "properties": { "Transportas": "Autobusai", "Marsrutas": "125", "ReisoID": 23455961150, "MasinosNumeris": 573, "Ilguma": 25243199, "Ilguma_new": 25.243199, "Platuma": 54731863, "Platuma_new": 54.731863, "Greitis": 31, "Azimutas": 48, "ReisoPradziaMinutemis": 710, "NuokrypisSekundemis": 0, "MatavimoLaikas": 44496, "MasinosTipas": "KWNZ", "KryptiesTipas": "B>A", "KryptiesPavadinimas": "Fabijoniškės", "ReisoIdGTFS": "A125-01-1-250120-ab-1230", "color": "blue" }, "geometry": { "type": "Point", "coordinates": [ 25.243199, 54.731863 ] } },
{ "type": "Feature", "properties": { "Transportas": "Autobusai", "Marsrutas": "125", "ReisoID": 23455971150, "MasinosNumeris": 578, "Ilguma": 25272071, "Ilguma_new": 25.272071, "Platuma": 54757744, "Platuma_new": 54.757744, "Greitis": 0, "Azimutas": 360, "ReisoPradziaMinutemis": 710, "NuokrypisSekundemis": -65, "MatavimoLaikas": 44499, "MasinosTipas": "KWNZ", "KryptiesTipas": "A>B", "KryptiesPavadinimas": "Visoriai", "ReisoIdGTFS": "A125-02-1-250120-ab-1150", "color": "blue" }, "geometry": { "type": "Point", "coordinates": [ 25.272071, 54.757744 ] } },
{ "type": "Feature", "properties": { "Transportas": "Autobusai", "Marsrutas": "4G", "ReisoID": 23510971136, "MasinosNumeris": 8011, "Ilguma": 25340933, "Ilguma_new": 25.340933, "Platuma": 54724248, "Platuma_new": 54.724248, "Greitis": 0, "Azimutas": 54, "ReisoPradziaMinutemis": 696, "NuokrypisSekundemis": 0, "MatavimoLaikas": 44497, "MasinosTipas": "KWZ", "KryptiesTipas": "A>B", "KryptiesPavadinimas": "Saulėtekis", "ReisoIdGTFS": "A4G-02-1-250120-ba-1230", "color": "blue" }, "geometry": { "type": "Point", "coordinates": [ 25.340933, 54.724248 ] } },
{ "type": "Feature", "properties": { "Transportas": "Autobusai", "Marsrutas": "4G", "ReisoID": 23510981147, "MasinosNumeris": 8017, "Ilguma": 25310940, "Ilguma_new": 25.31094, "Platuma": 54705541, "Platuma_new": 54.705541, "Greitis": 0, "Azimutas": 8, "ReisoPradziaMinutemis": 707, "NuokrypisSekundemis": 124, "MatavimoLaikas": 44496, "MasinosTipas": "KWZ", "KryptiesTipas": "A>B", "KryptiesPavadinimas": "Saulėtekis", "ReisoIdGTFS": "A4G-03-1-250120-ab-1150", "color": "blue" }, "geometry": { "type": "Point", "coordinates": [ 25.31094, 54.705541 ] } },
{ "type": "Feature", "properties": { "Transportas": "Autobusai", "Marsrutas": "4G", "ReisoID": 23510991211, "MasinosNumeris": 8050, "Ilguma": 25314885, "Ilguma_new": 25.314885, "Platuma": 54711915, "Platuma_new": 54.711915, "Greitis": 33, "Azimutas": 192, "ReisoPradziaMinutemis": 731, "NuokrypisSekundemis": 98, "MatavimoLaikas": 44497, "MasinosTipas": "KWZ", "KryptiesTipas": "B>A", "KryptiesPavadinimas": "Pilaitė", "ReisoIdGTFS": "A4G-17-1-250120-ba-1210", "color": "blue" }, "geometry": { "type": "Point", "coordinates": [ 25.314885, 54.711915 ] } },
{ "type": "Feature", "properties": { "Transportas": "Autobusai", "Marsrutas": "4G", "ReisoID": 23511031022, "MasinosNumeris": 8036, "Ilguma": 25173008, "Ilguma_new": 25.173008, "Platuma": 54703376, "Platuma_new": 54.703376, "Greitis": 0, "Azimutas": 124, "ReisoPradziaMinutemis": 622, "NuokrypisSekundemis": 0, "MatavimoLaikas": 43670, "MasinosTipas": "KWZ", "KryptiesTipas": "B>A", "KryptiesPavadinimas": "Pilaitė", "ReisoIdGTFS": "A4G-12-1-250120-b1a-1550", "color": "blue" }, "geometry": { "type": "Point", "coordinates": [ 25.173008, 54.703376 ] } },
{ "type": "Feature", "properties": { "Transportas": "Autobusai", "Marsrutas": "4G", "ReisoID": 23511061130, "MasinosNumeris": 8044, "Ilguma": 25172561, "Ilguma_new": 25.172561, "Platuma": 54703271, "Platuma_new": 54.703271, "Greitis": 0, "Azimutas": 106, "ReisoPradziaMinutemis": 690, "NuokrypisSekundemis": 0, "MatavimoLaikas": 44498, "MasinosTipas": "KWZ", "KryptiesTipas": "B>A", "KryptiesPavadinimas": "Pilaitė", "ReisoIdGTFS": "A4G-06-1-250120-ab-1230", "color": "blue" }, "geometry": { "type": "Point", "coordinates": [ 25.172561, 54.703271 ] } },
{ "type": "Feature", "properties": { "Transportas": "Autobusai", "Marsrutas": "4G", "ReisoID": 23511081032, "MasinosNumeris": 8009, "Ilguma": 25172914, "Ilguma_new": 25.172914, "Platuma": 54703429, "Platuma_new": 54.703429, "Greitis": 0, "Azimutas": 116, "ReisoPradziaMinutemis": 632, "NuokrypisSekundemis": 0, "MatavimoLaikas": 44329, "MasinosTipas": "KWZ", "KryptiesTipas": "B>A", "KryptiesPavadinimas": "Pilaitė", "ReisoIdGTFS": "A4G-19-1-250120-b1a-1630", "color": "blue" }, "geometry": { "type": "Point", "coordinates": [ 25.172914, 54.703429 ] } },
{ "type": "Feature", "properties": { "Transportas": "Autobusai", "Marsrutas": "4G", "ReisoID": 23511091025, "MasinosNumeris": 8010, "Ilguma": 25172763, "Ilguma_new": 25.172763, "Platuma": 54703449, "Platuma_new": 54.703449, "Greitis": 0, "Azimutas": 130, "ReisoPradziaMinutemis": 625, "NuokrypisSekundemis": 7042, "MatavimoLaikas": 44482, "MasinosTipas": "KWZ", "KryptiesTipas": "A>B", "KryptiesPavadinimas": "Saulėtekis", "ReisoIdGTFS": "A4G-20-1-250120-ab-1030", "color": "blue" }, "geometry": { "type": "Point", "coordinates": [ 25.172763, 54.703449 ] } },
{ "type": "Feature", "properties": { "Transportas": "Autobusai", "Marsrutas": "4G", "ReisoID": 23510901124, "MasinosNumeris": 8001, "Ilguma": 25341042, "Ilguma_new": 25.341042, "Platuma": 54724739, "Platuma_new": 54.724739, "Greitis": 0, "Azimutas": 208, "ReisoPradziaMinutemis": 684, "NuokrypisSekundemis": 33, "MatavimoLaikas": 44493, "MasinosTipas": "KWZ", "KryptiesTipas": "A>B", "KryptiesPavadinimas": "Saulėtekis", "ReisoIdGTFS": "A4G-01-1-250120-ba-1220", "color": "blue" }, "geometry": { "type": "Point", "coordinates": [ 25.341042, 54.724739 ] } },
{ "type": "Feature", "properties": { "Transportas": "Autobusai", "Marsrutas": "4G", "ReisoID": 23510941158, "MasinosNumeris": 8048, "Ilguma": 25298636, "Ilguma_new": 25.298636, "Platuma": 54695689, "Platuma_new": 54.695689, "Greitis": 32, "Azimutas": 76, "ReisoPradziaMinutemis": 718, "NuokrypisSekundemis": -204, "MatavimoLaikas": 44493, "MasinosTipas": "KWZ", "KryptiesTipas": "A>B", "KryptiesPavadinimas": "Saulėtekis", "ReisoIdGTFS": "A4G-13-1-250120-ab-1200", "color": "blue" }, "geometry": { "type": "Point", "coordinates": [ 25.298636, 54.695689 ] } },
{ "type": "Feature", "properties": { "Transportas": "Autobusai", "Marsrutas": "4G", "ReisoID": 23510951200, "MasinosNumeris": 8004, "Ilguma": 25282349, "Ilguma_new": 25.282349, "Platuma": 54694737, "Platuma_new": 54.694737, "Greitis": 0, "Azimutas": 286, "ReisoPradziaMinutemis": 720, "NuokrypisSekundemis": 64, "MatavimoLaikas": 44497, "MasinosTipas": "KWZ", "KryptiesTipas": "B>A", "KryptiesPavadinimas": "Pilaitė", "ReisoIdGTFS": "A4G-16-1-250120-ba-1200", "color": "blue" }, "geometry": { "type": "Point", "coordinates": [ 25.282349, 54.694737 ] } },
{ "type": "Feature", "properties": { "Transportas": "Autobusai", "Marsrutas": "4G", "ReisoID": 23510961208, "MasinosNumeris": 8032, "Ilguma": 25220621, "Ilguma_new": 25.220621, "Platuma": 54699057, "Platuma_new": 54.699057, "Greitis": 13, "Azimutas": 90, "ReisoPradziaMinutemis": 728, "NuokrypisSekundemis": 105, "MatavimoLaikas": 44497, "MasinosTipas": "KWZ", "KryptiesTipas": "A>B", "KryptiesPavadinimas": "Saulėtekis", "ReisoIdGTFS": "A4G-04-1-250120-ab-1210", "color": "blue" }, "geometry": { "type": "Point", "coordinates": [ 25.220621, 54.699057 ] } },
{ "type": "Feature", "properties": { "Transportas": "Autobusai", "Marsrutas": "4G", "ReisoID": 23511001150, "MasinosNumeris": 8049, "Ilguma": 25227364, "Ilguma_new": 25.227364, "Platuma": 54699909, "Platuma_new": 54.699909, "Greitis": 45, "Azimutas": 260, "ReisoPradziaMinutemis": 710, "NuokrypisSekundemis": 81, "MatavimoLaikas": 44500, "MasinosTipas": "KWZ", "KryptiesTipas": "B>A", "KryptiesPavadinimas": "Pilaitė", "ReisoIdGTFS": "A4G-15-1-250120-ba-1150", "color": "blue" }, "geometry": { "type": "Point", "coordinates": [ 25.227364, 54.699909 ] } },
{ "type": "Feature", "properties": { "Transportas": "Autobusai", "Marsrutas": "4G", "ReisoID": 23511041140, "MasinosNumeris": 8045, "Ilguma": 25192073, "Ilguma_new": 25.192073, "Platuma": 54707818, "Platuma_new": 54.707818, "Greitis": 54, "Azimutas": 298, "ReisoPradziaMinutemis": 700, "NuokrypisSekundemis": 263, "MatavimoLaikas": 44498, "MasinosTipas": "KWZ", "KryptiesTipas": "B>A", "KryptiesPavadinimas": "Pilaitė", "ReisoIdGTFS": "A4G-14-1-250120-ba-1140", "color": "blue" }, "geometry": { "type": "Point", "coordinates": [ 25.192073, 54.707818 ] } },
{ "type": "Feature", "properties": { "Transportas": "Autobusai", "Marsrutas": "4G", "ReisoID": 23511051218, "MasinosNumeris": 8013, "Ilguma": 25175018, "Ilguma_new": 25.175018, "Platuma": 54707087, "Platuma_new": 54.707087, "Greitis": 0, "Azimutas": 2, "ReisoPradziaMinutemis": 738, "NuokrypisSekundemis": 49, "MatavimoLaikas": 44500, "MasinosTipas": "KWZ", "KryptiesTipas": "A>B", "KryptiesPavadinimas": "Saulėtekis", "ReisoIdGTFS": "A4G-05-1-250120-ab-1220", "color": "blue" }, "geometry": { "type": "Point", "coordinates": [ 25.175018, 54.707087 ] } },
{ "type": "Feature", "properties": { "Transportas": "Autobusai", "Marsrutas": "119", "ReisoID": 23557001159, "MasinosNumeris": 583, "Ilguma": 25312292, "Ilguma_new": 25.312292, "Platuma": 54704869, "Platuma_new": 54.704869, "Greitis": 21, "Azimutas": 290, "ReisoPradziaMinutemis": 719, "NuokrypisSekundemis": 45, "MatavimoLaikas": 44490, "MasinosTipas": "KWNZ", "KryptiesTipas": "B>A", "KryptiesPavadinimas": "Šiaurės miestelis", "ReisoIdGTFS": "A119-01-1-250201-ba-1200", "color": "blue" }, "geometry": { "type": "Point", "coordinates": [ 25.312292, 54.704869 ] } },
{ "type": "Feature", "properties": { "Transportas": "Autobusai", "Marsrutas": "119", "ReisoID": 23557011213, "MasinosNumeris": 575, "Ilguma": 25390642, "Ilguma_new": 25.390642, "Platuma": 54707345, "Platuma_new": 54.707345, "Greitis": 40, "Azimutas": 280, "ReisoPradziaMinutemis": 733, "NuokrypisSekundemis": 47, "MatavimoLaikas": 44497, "MasinosTipas": "KWNZ", "KryptiesTipas": "B>A", "KryptiesPavadinimas": "Šiaurės miestelis", "ReisoIdGTFS": "A119-02-1-250201-ba-1210", "color": "blue" }, "geometry": { "type": "Point", "coordinates": [ 25.390642, 54.707345 ] } },
{ "type": "Feature", "properties": { "Transportas": "Autobusai", "Marsrutas": "119", "ReisoID": 23557021158, "MasinosNumeris": 562, "Ilguma": 25418952, "Ilguma_new": 25.418952, "Platuma": 54714788, "Platuma_new": 54.714788, "Greitis": 3, "Azimutas": 40, "ReisoPradziaMinutemis": 718, "NuokrypisSekundemis": -88, "MatavimoLaikas": 44499, "MasinosTipas": "KWNZ", "KryptiesTipas": "A>B", "KryptiesPavadinimas": "Egliškės", "ReisoIdGTFS": "A119-03-1-250201-ab-1200", "color": "blue" }, "geometry": { "type": "Point", "coordinates": [ 25.418952, 54.714788 ] } },
{ "type": "Feature", "properties": { "Transportas": "Autobusai", "Marsrutas": "119", "ReisoID": 23557031145, "MasinosNumeris": 566, "Ilguma": 25301093, "Ilguma_new": 25.301093, "Platuma": 54710830, "Platuma_new": 54.71083, "Greitis": 0, "Azimutas": 86, "ReisoPradziaMinutemis": 705, "NuokrypisSekundemis": 0, "MatavimoLaikas": 44493, "MasinosTipas": "KWNZ", "KryptiesTipas": "B>A", "KryptiesPavadinimas": "Šiaurės miestelis", "ReisoIdGTFS": "A119-04-1-250201-ab-1230", "color": "blue" }, "geometry": { "type": "Point", "coordinates": [ 25.301093, 54.71083 ] } },
{ "type": "Feature", "properties": { "Transportas": "Autobusai", "Marsrutas": "119", "ReisoID": 23557041212, "MasinosNumeris": 582, "Ilguma": 25324083, "Ilguma_new": 25.324083, "Platuma": 54702426, "Platuma_new": 54.702426, "Greitis": 10, "Azimutas": 120, "ReisoPradziaMinutemis": 732, "NuokrypisSekundemis": 38, "MatavimoLaikas": 44499, "MasinosTipas": "KWNZ", "KryptiesTipas": "A>B", "KryptiesPavadinimas": "Egliškės", "ReisoIdGTFS": "A119-05-1-250201-ab-1210", "color": "blue" }, "geometry": { "type": "Point", "coordinates": [ 25.324083, 54.702426 ] } },
{ "type": "Feature", "properties": { "Transportas": "Autobusai", "Marsrutas": "33", "ReisoID": 23592161204, "MasinosNumeris": 4529, "Ilguma": 25286147, "Ilguma_new": 25.286147, "Platuma": 54686061, "Platuma_new": 54.686061, "Greitis": 20, "Azimutas": 200, "ReisoPradziaMinutemis": 724, "NuokrypisSekundemis": -72, "MatavimoLaikas": 44488, "MasinosTipas": "KWZ", "KryptiesTipas": "A>B", "KryptiesPavadinimas": "Guriai", "ReisoIdGTFS": "A33-01-1-250210-ab-1200", "color": "blue" }, "geometry": { "type": "Point", "coordinates": [ 25.286147, 54.686061 ] } },
{ "type": "Feature", "properties": { "Transportas": "Autobusai", "Marsrutas": "33", "ReisoID": 23592171148, "MasinosNumeris": 4504, "Ilguma": 25327150, "Ilguma_new": 25.32715, "Platuma": 54666266, "Platuma_new": 54.666266, "Greitis": 42, "Azimutas": 100, "ReisoPradziaMinutemis": 708, "NuokrypisSekundemis": 68, "MatavimoLaikas": 44496, "MasinosTipas": "KWZ", "KryptiesTipas": "A>B", "KryptiesPavadinimas": "Guriai", "ReisoIdGTFS": "A33-03-1-250210-ab-1150", "color": "blue" }, "geometry": { "type": "Point", "coordinates": [ 25.32715, 54.666266 ] } },
{ "type": "Feature", "properties": { "Transportas": "Autobusai", "Marsrutas": "33", "ReisoID": 23592191145, "MasinosNumeris": 4543, "Ilguma": 25286897, "Ilguma_new": 25.286897, "Platuma": 54702002, "Platuma_new": 54.702002, "Greitis": 24, "Azimutas": 22, "ReisoPradziaMinutemis": 705, "NuokrypisSekundemis": 121, "MatavimoLaikas": 44494, "MasinosTipas": "KWNZ", "KryptiesTipas": "B1>A1", "KryptiesPavadinimas": "Šiaurės miestelis", "ReisoIdGTFS": "A33-04-1-250210-b1a1-1150", "color": "blue" }, "geometry": { "type": "Point", "coordinates": [ 25.286897, 54.702002 ] } },
{ "type": "Feature", "properties": { "Transportas": "Autobusai", "Marsrutas": "33", "ReisoID": 23592201219, "MasinosNumeris": 4546, "Ilguma": 25302479, "Ilguma_new": 25.302479, "Platuma": 54710701, "Platuma_new": 54.710701, "Greitis": 5, "Azimutas": 82, "ReisoPradziaMinutemis": 739, "NuokrypisSekundemis": 146, "MatavimoLaikas": 44493, "MasinosTipas": "KWNZ", "KryptiesTipas": "A1>B1", "KryptiesPavadinimas": "Guriai", "ReisoIdGTFS": "A33-05-1-250210-a1b1-1220", "color": "blue" }, "geometry": { "type": "Point", "coordinates": [ 25.302479, 54.710701 ] } },
{ "type": "Feature", "properties": { "Transportas": "Autobusai", "Marsrutas": "33", "ReisoID": 23592211203, "MasinosNumeris": 4549, "Ilguma": 25309231, "Ilguma_new": 25.309231, "Platuma": 54676596, "Platuma_new": 54.676596, "Greitis": 3, "Azimutas": 286, "ReisoPradziaMinutemis": 723, "NuokrypisSekundemis": -61, "MatavimoLaikas": 44496, "MasinosTipas": "KZ", "KryptiesTipas": "B1>A1", "KryptiesPavadinimas": "Šiaurės miestelis", "ReisoIdGTFS": "A33-06-1-250210-b1a1-1200", "color": "blue" }, "geometry": { "type": "Point", "coordinates": [ 25.309231, 54.676596 ] } },
{ "type": "Feature", "properties": { "Transportas": "Autobusai", "Marsrutas": "33", "ReisoID": 23592231132, "MasinosNumeris": 4544, "Ilguma": 25364394, "Ilguma_new": 25.364394, "Platuma": 54658912, "Platuma_new": 54.658912, "Greitis": 0, "Azimutas": 62, "ReisoPradziaMinutemis": 692, "NuokrypisSekundemis": 78, "MatavimoLaikas": 44493, "MasinosTipas": "KWNZ", "KryptiesTipas": "A1>B1", "KryptiesPavadinimas": "Guriai", "ReisoIdGTFS": "A33-08-1-250210-b1a1-1220", "color": "blue" }, "geometry": { "type": "Point", "coordinates": [ 25.364394, 54.658912 ] } },
{ "type": "Feature", "properties": { "Transportas": "Autobusai", "Marsrutas": "66", "ReisoID": 23670661200, "MasinosNumeris": 4138, "Ilguma": 25307954, "Ilguma_new": 25.307954, "Platuma": 54762076, "Platuma_new": 54.762076, "Greitis": 40, "Azimutas": 62, "ReisoPradziaMinutemis": 720, "NuokrypisSekundemis": 30, "MatavimoLaikas": 44495, "MasinosTipas": "KWZ", "KryptiesTipas": "A>B", "KryptiesPavadinimas": "Skirgiškės", "ReisoIdGTFS": "A66-01-1-250222-ab-1200", "color": "blue" }, "geometry": { "type": "Point", "coordinates": [ 25.307954, 54.762076 ] } },
{ "type": "Feature", "properties": { "Transportas": "Autobusai", "Marsrutas": "66", "ReisoID": 23670671143, "MasinosNumeris": 3033, "Ilguma": 25283903, "Ilguma_new": 25.283903, "Platuma": 54704340, "Platuma_new": 54.70434, "Greitis": 0, "Azimutas": 184, "ReisoPradziaMinutemis": 703, "NuokrypisSekundemis": 0, "MatavimoLaikas": 44500, "MasinosTipas": "KZ", "KryptiesTipas": "B>A", "KryptiesPavadinimas": "Žalgirio g.", "ReisoIdGTFS": "A66-03-1-250222-ab-1240", "color": "blue" }, "geometry": { "type": "Point", "coordinates": [ 25.283903, 54.70434 ] } },
{ "type": "Feature", "properties": { "Transportas": "Autobusai", "Marsrutas": "76", "ReisoID": 23670721213, "MasinosNumeris": 4527, "Ilguma": 25285348, "Ilguma_new": 25.285348, "Platuma": 54751029, "Platuma_new": 54.751029, "Greitis": 21, "Azimutas": 50, "ReisoPradziaMinutemis": 733, "NuokrypisSekundemis": 106, "MatavimoLaikas": 44499, "MasinosTipas": "KWZ", "KryptiesTipas": "A>B", "KryptiesPavadinimas": "Bireliai", "ReisoIdGTFS": "A76-01-1-250222-ab-1210", "color": "blue" }, "geometry": { "type": "Point", "coordinates": [ 25.285348, 54.751029 ] } },
{ "type": "Feature", "properties": { "Transportas": "Autobusai", "Marsrutas": "76", "ReisoID": 23670731200, "MasinosNumeris": 4525, "Ilguma": 25340883, "Ilguma_new": 25.340883, "Platuma": 54778873, "Platuma_new": 54.778873, "Greitis": 17, "Azimutas": 228, "ReisoPradziaMinutemis": 720, "NuokrypisSekundemis": -51, "MatavimoLaikas": 44498, "MasinosTipas": "KWZ", "KryptiesTipas": "B>A", "KryptiesPavadinimas": "Ateities st.", "ReisoIdGTFS": "A76-02-1-250222-ba-1200", "color": "blue" }, "geometry": { "type": "Point", "coordinates": [ 25.340883, 54.778873 ] } },
{ "type": "Feature", "properties": { "Transportas": "Autobusai", "Marsrutas": "76", "ReisoID": 23670741140, "MasinosNumeris": 964, "Ilguma": 25266666, "Ilguma_new": 25.266666, "Platuma": 54736150, "Platuma_new": 54.73615, "Greitis": 0, "Azimutas": 320, "ReisoPradziaMinutemis": 700, "NuokrypisSekundemis": 0, "MatavimoLaikas": 44498, "MasinosTipas": "Z", "KryptiesTipas": "B>A", "KryptiesPavadinimas": "Ateities st.", "ReisoIdGTFS": "A76-03-1-250222-ab-1230", "color": "blue" }, "geometry": { "type": "Point", "coordinates": [ 25.266666, 54.73615 ] } },
{ "type": "Feature", "properties": { "Transportas": "Autobusai", "Marsrutas": "76", "ReisoID": 23670751220, "MasinosNumeris": 4531, "Ilguma": 25321191, "Ilguma_new": 25.321191, "Platuma": 54821436, "Platuma_new": 54.821436, "Greitis": 19, "Azimutas": 256, "ReisoPradziaMinutemis": 740, "NuokrypisSekundemis": 21, "MatavimoLaikas": 44499, "MasinosTipas": "KWZ", "KryptiesTipas": "B>A", "KryptiesPavadinimas": "Ateities st.", "ReisoIdGTFS": "A76-04-1-250222-ba-1220", "color": "blue" }, "geometry": { "type": "Point", "coordinates": [ 25.321191, 54.821436 ] } },
{ "type": "Feature", "properties": { "Transportas": "Autobusai", "Marsrutas": "76", "ReisoID": 23670761156, "MasinosNumeris": 966, "Ilguma": 25351086, "Ilguma_new": 25.351086, "Platuma": 54784898, "Platuma_new": 54.784898, "Greitis": 0, "Azimutas": 292, "ReisoPradziaMinutemis": 716, "NuokrypisSekundemis": 98, "MatavimoLaikas": 44494, "MasinosTipas": "Z", "KryptiesTipas": "A>B", "KryptiesPavadinimas": "Bireliai", "ReisoIdGTFS": "A76-05-1-250222-ab-1200", "color": "blue" }, "geometry": { "type": "Point", "coordinates": [ 25.351086, 54.784898 ] } },
{ "type": "Feature", "properties": { "Transportas": "Autobusai", "Marsrutas": "120", "ReisoID": 23728941212, "MasinosNumeris": 558, "Ilguma": 25340634, "Ilguma_new": 25.340634, "Platuma": 54778682, "Platuma_new": 54.778682, "Greitis": 0, "Azimutas": 216, "ReisoPradziaMinutemis": 732, "NuokrypisSekundemis": 26, "MatavimoLaikas": 44499, "MasinosTipas": "KWNZ", "KryptiesTipas": "B>A", "KryptiesPavadinimas": "Visoriai", "ReisoIdGTFS": "A120-01-1-250303-ba-1210", "color": "blue" }, "geometry": { "type": "Point", "coordinates": [ 25.340634, 54.778682 ] } },
{ "type": "Feature", "properties": { "Transportas": "Autobusai", "Marsrutas": "120", "ReisoID": 23728951215, "MasinosNumeris": 555, "Ilguma": 25280519, "Ilguma_new": 25.280519, "Platuma": 54755216, "Platuma_new": 54.755216, "Greitis": 34, "Azimutas": 186, "ReisoPradziaMinutemis": 735, "NuokrypisSekundemis": 74, "MatavimoLaikas": 44499, "MasinosTipas": "KWNZ", "KryptiesTipas": "A>B", "KryptiesPavadinimas": "Kryžiokai", "ReisoIdGTFS": "A120-03-1-250303-ab-1220", "color": "blue" }, "geometry": { "type": "Point", "coordinates": [ 25.280519, 54.755216 ] } },
{ "type": "Feature", "properties": { "Transportas": "Autobusai", "Marsrutas": "2", "ReisoID": 23970991208, "MasinosNumeris": 4532, "Ilguma": 25282043, "Ilguma_new": 25.282043, "Platuma": 54652874, "Platuma_new": 54.652874, "Greitis": 0, "Azimutas": 96, "ReisoPradziaMinutemis": 728, "NuokrypisSekundemis": -34, "MatavimoLaikas": 44496, "MasinosTipas": "KWZ", "KryptiesTipas": "A>B", "KryptiesPavadinimas": "Oro uostas", "ReisoIdGTFS": "A2-01-1-250414-ab-1210", "color": "blue" }, "geometry": { "type": "Point", "coordinates": [ 25.282043, 54.652874 ] } },
{ "type": "Feature", "properties": { "Transportas": "Autobusai", "Marsrutas": "4", "ReisoID": 23971001204, "MasinosNumeris": 4124, "Ilguma": 25272008, "Ilguma_new": 25.272008, "Platuma": 54650178, "Platuma_new": 54.650178, "Greitis": 48, "Azimutas": 168, "ReisoPradziaMinutemis": 724, "NuokrypisSekundemis": 257, "MatavimoLaikas": 44499, "MasinosTipas": "KWZ", "KryptiesTipas": "A>B", "KryptiesPavadinimas": "Kirtimai", "ReisoIdGTFS": "A4-01-1-250414-ab-1200", "color": "blue" }, "geometry": { "type": "Point", "coordinates": [ 25.272008, 54.650178 ] } },
{ "type": "Feature", "properties": { "Transportas": "Autobusai", "Marsrutas": "8", "ReisoID": 23971021222, "MasinosNumeris": 4116, "Ilguma": 25206945, "Ilguma_new": 25.206945, "Platuma": 54644779, "Platuma_new": 54.644779, "Greitis": 0, "Azimutas": 238, "ReisoPradziaMinutemis": 742, "NuokrypisSekundemis": 0, "MatavimoLaikas": 44500, "MasinosTipas": "KWZ", "KryptiesTipas": "A>B", "KryptiesPavadinimas": "Vaidotai", "ReisoIdGTFS": "A8-02-1-250414-ab-1220", "color": "blue" }, "geometry": { "type": "Point", "coordinates": [ 25.206945, 54.644779 ] } },
{ "type": "Feature", "properties": { "Transportas": "Autobusai", "Marsrutas": "8", "ReisoID": 23971031220, "MasinosNumeris": 4122, "Ilguma": 25184687, "Ilguma_new": 25.184687, "Platuma": 54602350, "Platuma_new": 54.60235, "Greitis": 32, "Azimutas": 56, "ReisoPradziaMinutemis": 740, "NuokrypisSekundemis": -1, "MatavimoLaikas": 44493, "MasinosTipas": "KWZ", "KryptiesTipas": "B>A", "KryptiesPavadinimas": "Žemieji Paneriai", "ReisoIdGTFS": "A8-01-1-250414-ba-1220", "color": "blue" }, "geometry": { "type": "Point", "coordinates": [ 25.184687, 54.60235 ] } },
{ "type": "Feature", "properties": { "Transportas": "Autobusai", "Marsrutas": "17", "ReisoID": 23971041207, "MasinosNumeris": 4128, "Ilguma": 25377681, "Ilguma_new": 25.377681, "Platuma": 54766503, "Platuma_new": 54.766503, "Greitis": 55, "Azimutas": 206, "ReisoPradziaMinutemis": 727, "NuokrypisSekundemis": 75, "MatavimoLaikas": 44497, "MasinosTipas": "KWZ", "KryptiesTipas": "B>A", "KryptiesPavadinimas": "Antakalnis", "ReisoIdGTFS": "A17-01-1-250414-ba-1210", "color": "blue" }, "geometry": { "type": "Point", "coordinates": [ 25.377681, 54.766503 ] } },
{ "type": "Feature", "properties": { "Transportas": "Autobusai", "Marsrutas": "17", "ReisoID": 23971051216, "MasinosNumeris": 4115, "Ilguma": 25325395, "Ilguma_new": 25.325395, "Platuma": 54726351, "Platuma_new": 54.726351, "Greitis": 10, "Azimutas": 44, "ReisoPradziaMinutemis": 736, "NuokrypisSekundemis": 81, "MatavimoLaikas": 44497, "MasinosTipas": "KWZ", "KryptiesTipas": "A>B", "KryptiesPavadinimas": "Antaviliai", "ReisoIdGTFS": "A17-02-1-250414-ab-1220", "color": "blue" }, "geometry": { "type": "Point", "coordinates": [ 25.325395, 54.726351 ] } },
{ "type": "Feature", "properties": { "Transportas": "Autobusai", "Marsrutas": "39", "ReisoID": 23971061201, "MasinosNumeris": 978, "Ilguma": 25412549, "Ilguma_new": 25.412549, "Platuma": 54786481, "Platuma_new": 54.786481, "Greitis": 67, "Azimutas": 56, "ReisoPradziaMinutemis": 721, "NuokrypisSekundemis": 20, "MatavimoLaikas": 44496, "MasinosTipas": "Z", "KryptiesTipas": "A>B", "KryptiesPavadinimas": "Balžio g.", "ReisoIdGTFS": "A39-01-1-250414-ab-1200", "color": "blue" }, "geometry": { "type": "Point", "coordinates": [ 25.412549, 54.786481 ] } },
{ "type": "Feature", "properties": { "Transportas": "Autobusai", "Marsrutas": "39", "ReisoID": 23971071159, "MasinosNumeris": 3030, "Ilguma": 25318347, "Ilguma_new": 25.318347, "Platuma": 54722402, "Platuma_new": 54.722402, "Greitis": 0, "Azimutas": 182, "ReisoPradziaMinutemis": 719, "NuokrypisSekundemis": 0, "MatavimoLaikas": 44491, "MasinosTipas": "KZ", "KryptiesTipas": "B>A", "KryptiesPavadinimas": "Antakalnis", "ReisoIdGTFS": "A39-02-1-250414-ab-1230", "color": "blue" }, "geometry": { "type": "Point", "coordinates": [ 25.318347, 54.722402 ] } },
{ "type": "Feature", "properties": { "Transportas": "Autobusai", "Marsrutas": "58", "ReisoID": 23971081200, "MasinosNumeris": 958, "Ilguma": 25315153, "Ilguma_new": 25.315153, "Platuma": 54650364, "Platuma_new": 54.650364, "Greitis": 58, "Azimutas": 114, "ReisoPradziaMinutemis": 720, "NuokrypisSekundemis": 318, "MatavimoLaikas": 44493, "MasinosTipas": "Z", "KryptiesTipas": "A>B", "KryptiesPavadinimas": "Grigaičiai", "ReisoIdGTFS": "A58-01-1-250414-ab-1200", "color": "blue" }, "geometry": { "type": "Point", "coordinates": [ 25.315153, 54.650364 ] } },
{ "type": "Feature", "properties": { "Transportas": "Autobusai", "Marsrutas": "58", "ReisoID": 23971091148, "MasinosNumeris": 940, "Ilguma": 25284644, "Ilguma_new": 25.284644, "Platuma": 54668142, "Platuma_new": 54.668142, "Greitis": 16, "Azimutas": 72, "ReisoPradziaMinutemis": 708, "NuokrypisSekundemis": 62, "MatavimoLaikas": 44499, "MasinosTipas": "Z", "KryptiesTipas": "B>A", "KryptiesPavadinimas": "Stotis", "ReisoIdGTFS": "A58-02-1-250414-ba-1150", "color": "blue" }, "geometry": { "type": "Point", "coordinates": [ 25.284644, 54.668142 ] } },
{ "type": "Feature", "properties": { "Transportas": "Autobusai", "Marsrutas": "89", "ReisoID": 23971111157, "MasinosNumeris": 4550, "Ilguma": 25302329, "Ilguma_new": 25.302329, "Platuma": 54677252, "Platuma_new": 54.677252, "Greitis": 0, "Azimutas": 278, "ReisoPradziaMinutemis": 717, "NuokrypisSekundemis": 358, "MatavimoLaikas": 44494, "MasinosTipas": "KWNZ", "KryptiesTipas": "B>A", "KryptiesPavadinimas": "Nepriklausomybės aikštė", "ReisoIdGTFS": "A89-02-1-250414-ba-1200", "color": "blue" }, "geometry": { "type": "Point", "coordinates": [ 25.302329, 54.677252 ] } },
{ "type": "Feature", "properties": { "Transportas": "Troleibusai", "Marsrutas": "1", "ReisoID": 23978821221, "MasinosNumeris": 2784, "Ilguma": 25284387, "Ilguma_new": 25.284387, "Platuma": 54671083, "Platuma_new": 54.671083, "Greitis": 14, "Azimutas": 262, "ReisoPradziaMinutemis": 741, "NuokrypisSekundemis": 9, "MatavimoLaikas": 44495, "MasinosTipas": "KWNZ", "KryptiesTipas": "B>A", "KryptiesPavadinimas": "Karoliniškės", "ReisoIdGTFS": "T1-04-1-250414-ba-1220", "color": "red" }, "geometry": { "type": "Point", "coordinates": [ 25.284387, 54.671083 ] } },
{ "type": "Feature", "properties": { "Transportas": "Troleibusai", "Marsrutas": "1", "ReisoID": 23978831216, "MasinosNumeris": 2777, "Ilguma": 25215157, "Ilguma_new": 25.215157, "Platuma": 54693412, "Platuma_new": 54.693412, "Greitis": 0, "Azimutas": 34, "ReisoPradziaMinutemis": 736, "NuokrypisSekundemis": 34, "MatavimoLaikas": 44498, "MasinosTipas": "KWNZ", "KryptiesTipas": "A>B", "KryptiesPavadinimas": "Stotis", "ReisoIdGTFS": "T1-02-1-250414-ab-1220", "color": "red" }, "geometry": { "type": "Point", "coordinates": [ 25.215157, 54.693412 ] } },
{ "type": "Feature", "properties": { "Transportas": "Troleibusai", "Marsrutas": "1", "ReisoID": 23978841154, "MasinosNumeris": 2686, "Ilguma": 25216522, "Ilguma_new": 25.216522, "Platuma": 54694074, "Platuma_new": 54.694074, "Greitis": 12, "Azimutas": 302, "ReisoPradziaMinutemis": 714, "NuokrypisSekundemis": -79, "MatavimoLaikas": 44497, "MasinosTipas": "Z", "KryptiesTipas": "B>A", "KryptiesPavadinimas": "Karoliniškės", "ReisoIdGTFS": "T1-01-1-250414-ba-1150", "color": "red" }, "geometry": { "type": "Point", "coordinates": [ 25.216522, 54.694074 ] } },
{ "type": "Feature", "properties": { "Transportas": "Troleibusai", "Marsrutas": "3", "ReisoID": 23978851139, "MasinosNumeris": 2774, "Ilguma": 25304477, "Ilguma_new": 25.304477, "Platuma": 54704920, "Platuma_new": 54.70492, "Greitis": 0, "Azimutas": 4, "ReisoPradziaMinutemis": 699, "NuokrypisSekundemis": 172, "MatavimoLaikas": 44489, "MasinosTipas": "KWNZ", "KryptiesTipas": "A>B", "KryptiesPavadinimas": "Šiaurės miestelis", "ReisoIdGTFS": "T3-01-1-250414-ab-1140", "color": "red" }, "geometry": { "type": "Point", "coordinates": [ 25.304477, 54.70492 ] } },
{ "type": "Feature", "properties": { "Transportas": "Troleibusai", "Marsrutas": "3", "ReisoID": 23978861204, "MasinosNumeris": 2771, "Ilguma": 25249976, "Ilguma_new": 25.249976, "Platuma": 54696563, "Platuma_new": 54.696563, "Greitis": 31, "Azimutas": 174, "ReisoPradziaMinutemis": 724, "NuokrypisSekundemis": 178, "MatavimoLaikas": 44496, "MasinosTipas": "KWNZ", "KryptiesTipas": "A>B", "KryptiesPavadinimas": "Šiaurės miestelis", "ReisoIdGTFS": "T3-03-1-250414-ab-1200", "color": "red" }, "geometry": { "type": "Point", "coordinates": [ 25.249976, 54.696563 ] } },
{ "type": "Feature", "properties": { "Transportas": "Troleibusai", "Marsrutas": "3", "ReisoID": 23978881204, "MasinosNumeris": 2786, "Ilguma": 25279726, "Ilguma_new": 25.279726, "Platuma": 54688666, "Platuma_new": 54.688666, "Greitis": 0, "Azimutas": 190, "ReisoPradziaMinutemis": 724, "NuokrypisSekundemis": -21, "MatavimoLaikas": 44494, "MasinosTipas": "KWNZ", "KryptiesTipas": "B>A", "KryptiesPavadinimas": "Karoliniškės", "ReisoIdGTFS": "T3-02-1-250414-ba-1200", "color": "red" }, "geometry": { "type": "Point", "coordinates": [ 25.279726, 54.688666 ] } },
{ "type": "Feature", "properties": { "Transportas": "Troleibusai", "Marsrutas": "3", "ReisoID": 23978901135, "MasinosNumeris": 2794, "Ilguma": 25209096, "Ilguma_new": 25.209096, "Platuma": 54689365, "Platuma_new": 54.689365, "Greitis": 0, "Azimutas": 220, "ReisoPradziaMinutemis": 695, "NuokrypisSekundemis": 257, "MatavimoLaikas": 44494, "MasinosTipas": "KWNZ", "KryptiesTipas": "B>A", "KryptiesPavadinimas": "Karoliniškės", "ReisoIdGTFS": "T3-06-1-250414-ba-1140", "color": "red" }, "geometry": { "type": "Point", "coordinates": [ 25.209096, 54.689365 ] } },
{ "type": "Feature", "properties": { "Transportas": "Troleibusai", "Marsrutas": "7", "ReisoID": 23978911146, "MasinosNumeris": 2789, "Ilguma": 25282955, "Ilguma_new": 25.282955, "Platuma": 54672469, "Platuma_new": 54.672469, "Greitis": 7, "Azimutas": 204, "ReisoPradziaMinutemis": 706, "NuokrypisSekundemis": 0, "MatavimoLaikas": 44499, "MasinosTipas": "KWNZ", "KryptiesTipas": "A>B", "KryptiesPavadinimas": "Stotis", "ReisoIdGTFS": "T7-08-1-250414-ba-1230", "color": "red" }, "geometry": { "type": "Point", "coordinates": [ 25.282955, 54.672469 ] } },
{ "type": "Feature", "properties": { "Transportas": "Troleibusai", "Marsrutas": "7", "ReisoID": 23978931155, "MasinosNumeris": 2708, "Ilguma": 25223636, "Ilguma_new": 25.223636, "Platuma": 54701053, "Platuma_new": 54.701053, "Greitis": 24, "Azimutas": 8, "ReisoPradziaMinutemis": 715, "NuokrypisSekundemis": 4, "MatavimoLaikas": 44493, "MasinosTipas": "KZ", "KryptiesTipas": "B>A", "KryptiesPavadinimas": "Pašilaičiai", "ReisoIdGTFS": "T7-03-1-250414-ba-1200", "color": "red" }, "geometry": { "type": "Point", "coordinates": [ 25.223636, 54.701053 ] } },
{ "type": "Feature", "properties": { "Transportas": "Troleibusai", "Marsrutas": "7", "ReisoID": 23978951153, "MasinosNumeris": 2712, "Ilguma": 25274844, "Ilguma_new": 25.274844, "Platuma": 54685805, "Platuma_new": 54.685805, "Greitis": 27, "Azimutas": 136, "ReisoPradziaMinutemis": 713, "NuokrypisSekundemis": -14, "MatavimoLaikas": 44499, "MasinosTipas": "KZ", "KryptiesTipas": "A>B", "KryptiesPavadinimas": "Stotis", "ReisoIdGTFS": "T7-10-1-250414-ab-1150", "color": "red" }, "geometry": { "type": "Point", "coordinates": [ 25.274844, 54.685805 ] } },
{ "type": "Feature", "properties": { "Transportas": "Troleibusai", "Marsrutas": "7", "ReisoID": 23978971210, "MasinosNumeris": 2688, "Ilguma": 25266720, "Ilguma_new": 25.26672, "Platuma": 54687671, "Platuma_new": 54.687671, "Greitis": 5, "Azimutas": 286, "ReisoPradziaMinutemis": 730, "NuokrypisSekundemis": -105, "MatavimoLaikas": 44496, "MasinosTipas": "KZ", "KryptiesTipas": "B>A", "KryptiesPavadinimas": "Pašilaičiai", "ReisoIdGTFS": "T7-01-1-250414-ba-1210", "color": "red" }, "geometry": { "type": "Point", "coordinates": [ 25.26672, 54.687671 ] } },
{ "type": "Feature", "properties": { "Transportas": "Troleibusai", "Marsrutas": "7", "ReisoID": 23978981203, "MasinosNumeris": 2772, "Ilguma": 25248630, "Ilguma_new": 25.24863, "Platuma": 54698346, "Platuma_new": 54.698346, "Greitis": 0, "Azimutas": 288, "ReisoPradziaMinutemis": 723, "NuokrypisSekundemis": -107, "MatavimoLaikas": 44498, "MasinosTipas": "KWNZ", "KryptiesTipas": "B>A", "KryptiesPavadinimas": "Pašilaičiai", "ReisoIdGTFS": "T7-05-1-250414-ba-1200", "color": "red" }, "geometry": { "type": "Point", "coordinates": [ 25.24863, 54.698346 ] } },
{ "type": "Feature", "properties": { "Transportas": "Troleibusai", "Marsrutas": "7", "ReisoID": 23978991218, "MasinosNumeris": 2806, "Ilguma": 25284733, "Ilguma_new": 25.284733, "Platuma": 54674702, "Platuma_new": 54.674702, "Greitis": 4, "Azimutas": 322, "ReisoPradziaMinutemis": 738, "NuokrypisSekundemis": 4, "MatavimoLaikas": 44498, "MasinosTipas": "KWNZ", "KryptiesTipas": "B>A", "KryptiesPavadinimas": "Pašilaičiai", "ReisoIdGTFS": "T7-07-1-250414-ba-1220", "color": "red" }, "geometry": { "type": "Point", "coordinates": [ 25.284733, 54.674702 ] } },
{ "type": "Feature", "properties": { "Transportas": "Troleibusai", "Marsrutas": "7", "ReisoID": 23979001200, "MasinosNumeris": 2670, "Ilguma": 25250230, "Ilguma_new": 25.25023, "Platuma": 54695591, "Platuma_new": 54.695591, "Greitis": 34, "Azimutas": 174, "ReisoPradziaMinutemis": 720, "NuokrypisSekundemis": 63, "MatavimoLaikas": 44492, "MasinosTipas": null, "KryptiesTipas": "A>B", "KryptiesPavadinimas": "Stotis", "ReisoIdGTFS": "T7-11-1-250414-ab-1200", "color": "red" }, "geometry": { "type": "Point", "coordinates": [ 25.25023, 54.695591 ] } },
{ "type": "Feature", "properties": { "Transportas": "Troleibusai", "Marsrutas": "7", "ReisoID": 23979011207, "MasinosNumeris": 2770, "Ilguma": 25223597, "Ilguma_new": 25.223597, "Platuma": 54702083, "Platuma_new": 54.702083, "Greitis": 30, "Azimutas": 196, "ReisoPradziaMinutemis": 727, "NuokrypisSekundemis": 84, "MatavimoLaikas": 44495, "MasinosTipas": "KWNZ", "KryptiesTipas": "A>B", "KryptiesPavadinimas": "Stotis", "ReisoIdGTFS": "T7-13-1-250414-ab-1210", "color": "red" }, "geometry": { "type": "Point", "coordinates": [ 25.223597, 54.702083 ] } },
{ "type": "Feature", "properties": { "Transportas": "Troleibusai", "Marsrutas": "7", "ReisoID": 23979021222, "MasinosNumeris": 1119, "Ilguma": 25219801, "Ilguma_new": 25.219801, "Platuma": 54734439, "Platuma_new": 54.734439, "Greitis": 11, "Azimutas": 156, "ReisoPradziaMinutemis": 742, "NuokrypisSekundemis": 0, "MatavimoLaikas": 44501, "MasinosTipas": null, "KryptiesTipas": "A>B", "KryptiesPavadinimas": "Stotis", "ReisoIdGTFS": "T7-04-1-250414-ab-1220", "color": "red" }, "geometry": { "type": "Point", "coordinates": [ 25.219801, 54.734439 ] } },
{ "type": "Feature", "properties": { "Transportas": "Troleibusai", "Marsrutas": "7", "ReisoID": 23979031214, "MasinosNumeris": 2801, "Ilguma": 25217452, "Ilguma_new": 25.217452, "Platuma": 54711971, "Platuma_new": 54.711971, "Greitis": 0, "Azimutas": 184, "ReisoPradziaMinutemis": 734, "NuokrypisSekundemis": -23, "MatavimoLaikas": 44493, "MasinosTipas": "KWNZ", "KryptiesTipas": "A>B", "KryptiesPavadinimas": "Stotis", "ReisoIdGTFS": "T7-14-1-250414-ab-1210", "color": "red" }, "geometry": { "type": "Point", "coordinates": [ 25.217452, 54.711971 ] } },
{ "type": "Feature", "properties": { "Transportas": "Troleibusai", "Marsrutas": "7", "ReisoID": 23979041138, "MasinosNumeris": 2690, "Ilguma": 25219025, "Ilguma_new": 25.219025, "Platuma": 54734750, "Platuma_new": 54.73475, "Greitis": 0, "Azimutas": 84, "ReisoPradziaMinutemis": 698, "NuokrypisSekundemis": 0, "MatavimoLaikas": 44494, "MasinosTipas": "KZ", "KryptiesTipas": "B>A", "KryptiesPavadinimas": "Pašilaičiai", "ReisoIdGTFS": "T7-16-1-250414-ab-1230", "color": "red" }, "geometry": { "type": "Point", "coordinates": [ 25.219025, 54.73475 ] } },
{ "type": "Feature", "properties": { "Transportas": "Troleibusai", "Marsrutas": "7", "ReisoID": 23979051147, "MasinosNumeris": 2775, "Ilguma": 25222925, "Ilguma_new": 25.222925, "Platuma": 54720757, "Platuma_new": 54.720757, "Greitis": 2, "Azimutas": 356, "ReisoPradziaMinutemis": 707, "NuokrypisSekundemis": -75, "MatavimoLaikas": 44493, "MasinosTipas": "KWNZ", "KryptiesTipas": "B>A", "KryptiesPavadinimas": "Pašilaičiai", "ReisoIdGTFS": "T7-18-1-250414-ba-1150", "color": "red" }, "geometry": { "type": "Point", "coordinates": [ 25.222925, 54.720757 ] } },
{ "type": "Feature", "properties": { "Transportas": "Autobusai", "Marsrutas": "22", "ReisoID": 23979601215, "MasinosNumeris": 781, "Ilguma": 25264907, "Ilguma_new": 25.264907, "Platuma": 54682623, "Platuma_new": 54.682623, "Greitis": 0, "Azimutas": 178, "ReisoPradziaMinutemis": 735, "NuokrypisSekundemis": 120, "MatavimoLaikas": 44499, "MasinosTipas": "KZ", "KryptiesTipas": "B>A", "KryptiesPavadinimas": "Lazdynai", "ReisoIdGTFS": "A22-01-1-250414-ba-1220", "color": "blue" }, "geometry": { "type": "Point", "coordinates": [ 25.264907, 54.682623 ] } },
{ "type": "Feature", "properties": { "Transportas": "Autobusai", "Marsrutas": "22", "ReisoID": 23979611219, "MasinosNumeris": 3122, "Ilguma": 25216101, "Ilguma_new": 25.216101, "Platuma": 54677725, "Platuma_new": 54.677725, "Greitis": 17, "Azimutas": 282, "ReisoPradziaMinutemis": 739, "NuokrypisSekundemis": 63, "MatavimoLaikas": 44498, "MasinosTipas": "KWZ", "KryptiesTipas": "A>B", "KryptiesPavadinimas": "Centras", "ReisoIdGTFS": "A22-02-1-250414-ab-1220", "color": "blue" }, "geometry": { "type": "Point", "coordinates": [ 25.216101, 54.677725 ] } },
{ "type": "Feature", "properties": { "Transportas": "Autobusai", "Marsrutas": "22", "ReisoID": 23979621203, "MasinosNumeris": 4528, "Ilguma": 25255742, "Ilguma_new": 25.255742, "Platuma": 54677650, "Platuma_new": 54.67765, "Greitis": 0, "Azimutas": 48, "ReisoPradziaMinutemis": 723, "NuokrypisSekundemis": 44, "MatavimoLaikas": 44496, "MasinosTipas": "KWZ", "KryptiesTipas": "A>B", "KryptiesPavadinimas": "Centras", "ReisoIdGTFS": "A22-03-1-250414-ab-1200", "color": "blue" }, "geometry": { "type": "Point", "coordinates": [ 25.255742, 54.67765 ] } },
{ "type": "Feature", "properties": { "Transportas": "Autobusai", "Marsrutas": "6G", "ReisoID": 23981431216, "MasinosNumeris": 4642, "Ilguma": 25411291, "Ilguma_new": 25.411291, "Platuma": 54690785, "Platuma_new": 54.690785, "Greitis": 8, "Azimutas": 4, "ReisoPradziaMinutemis": 736, "NuokrypisSekundemis": 26, "MatavimoLaikas": 44496, "MasinosTipas": "Z", "KryptiesTipas": "A>B", "KryptiesPavadinimas": "Žaliasis tiltas", "ReisoIdGTFS": "A6G-07-1-250414-ab-1220", "color": "blue" }, "geometry": { "type": "Point", "coordinates": [ 25.411291, 54.690785 ] } },
{ "type": "Feature", "properties": { "Transportas": "Autobusai", "Marsrutas": "6G", "ReisoID": 23981451159, "MasinosNumeris": 4154, "Ilguma": 25416261, "Ilguma_new": 25.416261, "Platuma": 54687112, "Platuma_new": 54.687112, "Greitis": 36, "Azimutas": 138, "ReisoPradziaMinutemis": 719, "NuokrypisSekundemis": -34, "MatavimoLaikas": 44500, "MasinosTipas": "KWZD", "KryptiesTipas": "B>A", "KryptiesPavadinimas": "Parko g.", "ReisoIdGTFS": "A6G-09-1-250414-ba-1200", "color": "blue" }, "geometry": { "type": "Point", "coordinates": [ 25.416261, 54.687112 ] } },
{ "type": "Feature", "properties": { "Transportas": "Autobusai", "Marsrutas": "6G", "ReisoID": 23981461210, "MasinosNumeris": 4643, "Ilguma": 25309215, "Ilguma_new": 25.309215, "Platuma": 54684795, "Platuma_new": 54.684795, "Greitis": 0, "Azimutas": 128, "ReisoPradziaMinutemis": 730, "NuokrypisSekundemis": 147, "MatavimoLaikas": 44488, "MasinosTipas": "Z", "KryptiesTipas": "B>A", "KryptiesPavadinimas": "Parko g.", "ReisoIdGTFS": "A6G-10-1-250414-ba-1210", "color": "blue" }, "geometry": { "type": "Point", "coordinates": [ 25.309215, 54.684795 ] } },
{ "type": "Feature", "properties": { "Transportas": "Autobusai", "Marsrutas": "6G", "ReisoID": 23981471147, "MasinosNumeris": 4189, "Ilguma": 25430974, "Ilguma_new": 25.430974, "Platuma": 54685547, "Platuma_new": 54.685547, "Greitis": 0, "Azimutas": 326, "ReisoPradziaMinutemis": 707, "NuokrypisSekundemis": 0, "MatavimoLaikas": 44491, "MasinosTipas": "KWNZD", "KryptiesTipas": "B>A", "KryptiesPavadinimas": "Parko g.", "ReisoIdGTFS": "A6G-01-1-250414-ab-1230", "color": "blue" }, "geometry": { "type": "Point", "coordinates": [ 25.430974, 54.685547 ] } },
{ "type": "Feature", "properties": { "Transportas": "Autobusai", "Marsrutas": "6G", "ReisoID": 23981481154, "MasinosNumeris": 3015, "Ilguma": 25280283, "Ilguma_new": 25.280283, "Platuma": 54690878, "Platuma_new": 54.690878, "Greitis": 2, "Azimutas": 274, "ReisoPradziaMinutemis": 714, "NuokrypisSekundemis": 76, "MatavimoLaikas": 44497, "MasinosTipas": "KZ", "KryptiesTipas": "A>B", "KryptiesPavadinimas": "Žaliasis tiltas", "ReisoIdGTFS": "A6G-03-1-250414-ba-1220", "color": "blue" }, "geometry": { "type": "Point", "coordinates": [ 25.280283, 54.690878 ] } },
{ "type": "Feature", "properties": { "Transportas": "Autobusai", "Marsrutas": "6G", "ReisoID": 23981501205, "MasinosNumeris": 4157, "Ilguma": 25313221, "Ilguma_new": 25.313221, "Platuma": 54683075, "Platuma_new": 54.683075, "Greitis": 41, "Azimutas": 310, "ReisoPradziaMinutemis": 725, "NuokrypisSekundemis": 27, "MatavimoLaikas": 44494, "MasinosTipas": "KWZD", "KryptiesTipas": "A>B", "KryptiesPavadinimas": "Žaliasis tiltas", "ReisoIdGTFS": "A6G-05-1-250414-ab-1210", "color": "blue" }, "geometry": { "type": "Point", "coordinates": [ 25.313221, 54.683075 ] } },
{ "type": "Feature", "properties": { "Transportas": "Autobusai", "Marsrutas": "25", "ReisoID": 23981531217, "MasinosNumeris": 4121, "Ilguma": 25159968, "Ilguma_new": 25.159968, "Platuma": 54608174, "Platuma_new": 54.608174, "Greitis": 0, "Azimutas": 324, "ReisoPradziaMinutemis": 737, "NuokrypisSekundemis": -105, "MatavimoLaikas": 44499, "MasinosTipas": "KWZ", "KryptiesTipas": "B>A", "KryptiesPavadinimas": "Žemieji Paneriai", "ReisoIdGTFS": "A25-02-1-250414-ba-1220", "color": "blue" }, "geometry": { "type": "Point", "coordinates": [ 25.159968, 54.608174 ] } },
{ "type": "Feature", "properties": { "Transportas": "Autobusai", "Marsrutas": "25", "ReisoID": 23981541202, "MasinosNumeris": 4117, "Ilguma": 25160664, "Ilguma_new": 25.160664, "Platuma": 54607165, "Platuma_new": 54.607165, "Greitis": 33, "Azimutas": 142, "ReisoPradziaMinutemis": 722, "NuokrypisSekundemis": 68, "MatavimoLaikas": 44489, "MasinosTipas": "KWZ", "KryptiesTipas": "A>B", "KryptiesPavadinimas": "Vaidotai", "ReisoIdGTFS": "A25-01-1-250414-ab-1200", "color": "blue" }, "geometry": { "type": "Point", "coordinates": [ 25.160664, 54.607165 ] } },
{ "type": "Feature", "properties": { "Transportas": "Autobusai", "Marsrutas": "21", "ReisoID": 23981561147, "MasinosNumeris": 3119, "Ilguma": 25191861, "Ilguma_new": 25.191861, "Platuma": 54662495, "Platuma_new": 54.662495, "Greitis": 0, "Azimutas": 212, "ReisoPradziaMinutemis": 707, "NuokrypisSekundemis": 0, "MatavimoLaikas": 44496, "MasinosTipas": "KWZ", "KryptiesTipas": "B>A", "KryptiesPavadinimas": "Lazdynėliai", "ReisoIdGTFS": "A21-01-1-250423-ab-1230", "color": "blue" }, "geometry": { "type": "Point", "coordinates": [ 25.191861, 54.662495 ] } },
{ "type": "Feature", "properties": { "Transportas": "Autobusai", "Marsrutas": "21", "ReisoID": 23981571215, "MasinosNumeris": 766, "Ilguma": 25269999, "Ilguma_new": 25.269999, "Platuma": 54681608, "Platuma_new": 54.681608, "Greitis": 0, "Azimutas": 296, "ReisoPradziaMinutemis": 735, "NuokrypisSekundemis": 20, "MatavimoLaikas": 44496, "MasinosTipas": "KZ", "KryptiesTipas": "B>A", "KryptiesPavadinimas": "Lazdynėliai", "ReisoIdGTFS": "A21-02-1-250423-ba-1220", "color": "blue" }, "geometry": { "type": "Point", "coordinates": [ 25.269999, 54.681608 ] } },
{ "type": "Feature", "properties": { "Transportas": "Autobusai", "Marsrutas": "21", "ReisoID": 23981581210, "MasinosNumeris": 717, "Ilguma": 25215776, "Ilguma_new": 25.215776, "Platuma": 54681647, "Platuma_new": 54.681647, "Greitis": 36, "Azimutas": 114, "ReisoPradziaMinutemis": 730, "NuokrypisSekundemis": 31, "MatavimoLaikas": 44498, "MasinosTipas": "KZ", "KryptiesTipas": "A>B", "KryptiesPavadinimas": "Centras", "ReisoIdGTFS": "A21-03-1-250423-ab-1210", "color": "blue" }, "geometry": { "type": "Point", "coordinates": [ 25.215776, 54.681647 ] } },
{ "type": "Feature", "properties": { "Transportas": "Autobusai", "Marsrutas": "34", "ReisoID": 23988091159, "MasinosNumeris": 961, "Ilguma": 25285274, "Ilguma_new": 25.285274, "Platuma": 54703765, "Platuma_new": 54.703765, "Greitis": 13, "Azimutas": 274, "ReisoPradziaMinutemis": 719, "NuokrypisSekundemis": 50, "MatavimoLaikas": 44499, "MasinosTipas": "Z", "KryptiesTipas": "A>B", "KryptiesPavadinimas": "Visoriai", "ReisoIdGTFS": "A34-01-1-250425-ab-1200", "color": "blue" }, "geometry": { "type": "Point", "coordinates": [ 25.285274, 54.703765 ] } },
{ "type": "Feature", "properties": { "Transportas": "Autobusai", "Marsrutas": "34", "ReisoID": 23988101140, "MasinosNumeris": 987, "Ilguma": 25311751, "Ilguma_new": 25.311751, "Platuma": 54683602, "Platuma_new": 54.683602, "Greitis": 14, "Azimutas": 138, "ReisoPradziaMinutemis": 700, "NuokrypisSekundemis": 155, "MatavimoLaikas": 44498, "MasinosTipas": "Z", "KryptiesTipas": "B>A", "KryptiesPavadinimas": "Stotis", "ReisoIdGTFS": "A34-03-1-250425-ba-1140", "color": "blue" }, "geometry": { "type": "Point", "coordinates": [ 25.311751, 54.683602 ] } },
{ "type": "Feature", "properties": { "Transportas": "Autobusai", "Marsrutas": "34", "ReisoID": 23988111218, "MasinosNumeris": 4114, "Ilguma": 25269896, "Ilguma_new": 25.269896, "Platuma": 54753987, "Platuma_new": 54.753987, "Greitis": 37, "Azimutas": 212, "ReisoPradziaMinutemis": 738, "NuokrypisSekundemis": 36, "MatavimoLaikas": 44497, "MasinosTipas": "KWZ", "KryptiesTipas": "B>A", "KryptiesPavadinimas": "Stotis", "ReisoIdGTFS": "A34-04-1-250425-ba-1220", "color": "blue" }, "geometry": { "type": "Point", "coordinates": [ 25.269896, 54.753987 ] } },
{ "type": "Feature", "properties": { "Transportas": "Autobusai", "Marsrutas": "68", "ReisoID": 24024181146, "MasinosNumeris": 3105, "Ilguma": 25201222, "Ilguma_new": 25.201222, "Platuma": 54673787, "Platuma_new": 54.673787, "Greitis": 0, "Azimutas": 44, "ReisoPradziaMinutemis": 706, "NuokrypisSekundemis": -33, "MatavimoLaikas": 44498, "MasinosTipas": "KWZ", "KryptiesTipas": "B>A", "KryptiesPavadinimas": "Lazdynai", "ReisoIdGTFS": "A68-01-1-250418-ba-1150", "color": "blue" }, "geometry": { "type": "Point", "coordinates": [ 25.201222, 54.673787 ] } },
{ "type": "Feature", "properties": { "Transportas": "Autobusai", "Marsrutas": "68", "ReisoID": 24024191205, "MasinosNumeris": 796, "Ilguma": 25122060, "Ilguma_new": 25.12206, "Platuma": 54647818, "Platuma_new": 54.647818, "Greitis": 30, "Azimutas": 286, "ReisoPradziaMinutemis": 725, "NuokrypisSekundemis": -4, "MatavimoLaikas": 44498, "MasinosTipas": "KZ", "KryptiesTipas": "A>B", "KryptiesPavadinimas": "Grigiškės", "ReisoIdGTFS": "A68-02-1-250418-ab-1210", "color": "blue" }, "geometry": { "type": "Point", "coordinates": [ 25.12206, 54.647818 ] } },
{ "type": "Feature", "properties": { "Transportas": "Autobusai", "Marsrutas": "68", "ReisoID": 24024200850, "MasinosNumeris": 3124, "Ilguma": 25202211, "Ilguma_new": 25.202211, "Platuma": 54761191, "Platuma_new": 54.761191, "Greitis": 62, "Azimutas": 332, "ReisoPradziaMinutemis": 530, "NuokrypisSekundemis": 0, "MatavimoLaikas": 44497, "MasinosTipas": "KWZ", "KryptiesTipas": "A>D", "KryptiesPavadinimas": "2-asis troleibusų parkas (Justiniškių g.)", "ReisoIdGTFS": "A68-03-1-250418-da-1510", "color": "blue" }, "geometry": { "type": "Point", "coordinates": [ 25.202211, 54.761191 ] } },
{ "type": "Feature", "properties": { "Transportas": "Autobusai", "Marsrutas": "68", "ReisoID": 24024211204, "MasinosNumeris": 3118, "Ilguma": 25087939, "Ilguma_new": 25.087939, "Platuma": 54643485, "Platuma_new": 54.643485, "Greitis": 49, "Azimutas": 94, "ReisoPradziaMinutemis": 724, "NuokrypisSekundemis": 34, "MatavimoLaikas": 44496, "MasinosTipas": "KWZ", "KryptiesTipas": "B>A", "KryptiesPavadinimas": "Lazdynai", "ReisoIdGTFS": "A68-04-1-250418-ba-1200", "color": "blue" }, "geometry": { "type": "Point", "coordinates": [ 25.087939, 54.643485 ] } },
{ "type": "Feature", "properties": { "Transportas": "Autobusai", "Marsrutas": "68", "ReisoID": 24024221138, "MasinosNumeris": 3116, "Ilguma": 25082167, "Ilguma_new": 25.082167, "Platuma": 54673498, "Platuma_new": 54.673498, "Greitis": 0, "Azimutas": 144, "ReisoPradziaMinutemis": 698, "NuokrypisSekundemis": 0, "MatavimoLaikas": 44489, "MasinosTipas": "KWZ", "KryptiesTipas": "A>B", "KryptiesPavadinimas": "Grigiškės", "ReisoIdGTFS": "A68-05-1-250418-ba-1230", "color": "blue" }, "geometry": { "type": "Point", "coordinates": [ 25.082167, 54.673498 ] } },
{ "type": "Feature", "properties": { "Transportas": "Autobusai", "Marsrutas": "57", "ReisoID": 24044961215, "MasinosNumeris": 7021, "Ilguma": 25259980, "Ilguma_new": 25.25998, "Platuma": 54735382, "Platuma_new": 54.735382, "Greitis": 21, "Azimutas": 58, "ReisoPradziaMinutemis": 735, "NuokrypisSekundemis": 67, "MatavimoLaikas": 44497, "MasinosTipas": "KWZ", "KryptiesTipas": "A>B", "KryptiesPavadinimas": "Bukiškis", "ReisoIdGTFS": "A57-01-1-250422-ab-1220", "color": "blue" }, "geometry": { "type": "Point", "coordinates": [ 25.25998, 54.735382 ] } },
{ "type": "Feature", "properties": { "Transportas": "Autobusai", "Marsrutas": "57", "ReisoID": 24044971151, "MasinosNumeris": 7015, "Ilguma": 25240995, "Ilguma_new": 25.240995, "Platuma": 54739781, "Platuma_new": 54.739781, "Greitis": 21, "Azimutas": 334, "ReisoPradziaMinutemis": 711, "NuokrypisSekundemis": 0, "MatavimoLaikas": 44497, "MasinosTipas": "KWZ", "KryptiesTipas": "B>A", "KryptiesPavadinimas": "Fabijoniškės", "ReisoIdGTFS": "A57-02-1-250422-ab-1240", "color": "blue" }, "geometry": { "type": "Point", "coordinates": [ 25.240995, 54.739781 ] } },
{ "type": "Feature", "properties": { "Transportas": "Autobusai", "Marsrutas": "57", "ReisoID": 24044981220, "MasinosNumeris": 7042, "Ilguma": 25203448, "Ilguma_new": 25.203448, "Platuma": 54762617, "Platuma_new": 54.762617, "Greitis": 40, "Azimutas": 6, "ReisoPradziaMinutemis": 740, "NuokrypisSekundemis": 40, "MatavimoLaikas": 44495, "MasinosTipas": "KWZ", "KryptiesTipas": "B>A", "KryptiesPavadinimas": "Fabijoniškės", "ReisoIdGTFS": "A57-03-1-250422-ba-1220", "color": "blue" }, "geometry": { "type": "Point", "coordinates": [ 25.203448, 54.762617 ] } },
{ "type": "Feature", "properties": { "Transportas": "Autobusai", "Marsrutas": "69", "ReisoID": 24077131114, "MasinosNumeris": 4520, "Ilguma": 25221549, "Ilguma_new": 25.221549, "Platuma": 54666845, "Platuma_new": 54.666845, "Greitis": 0, "Azimutas": 104, "ReisoPradziaMinutemis": 674, "NuokrypisSekundemis": 0, "MatavimoLaikas": 44494, "MasinosTipas": "KWZ", "KryptiesTipas": "A>B", "KryptiesPavadinimas": "Šiltnamių g.", "ReisoIdGTFS": "A69-04-1-250425-b1a1-1220", "color": "blue" }, "geometry": { "type": "Point", "coordinates": [ 25.221549, 54.666845 ] } },
{ "type": "Feature", "properties": { "Transportas": "Autobusai", "Marsrutas": "69", "ReisoID": 24077141156, "MasinosNumeris": 973, "Ilguma": 25266470, "Ilguma_new": 25.26647, "Platuma": 54698363, "Platuma_new": 54.698363, "Greitis": 0, "Azimutas": 100, "ReisoPradziaMinutemis": 716, "NuokrypisSekundemis": -23, "MatavimoLaikas": 44492, "MasinosTipas": "Z", "KryptiesTipas": "B>A", "KryptiesPavadinimas": "Bajorai", "ReisoIdGTFS": "A69-01-1-250425-ba-1200", "color": "blue" }, "geometry": { "type": "Point", "coordinates": [ 25.26647, 54.698363 ] } },
{ "type": "Feature", "properties": { "Transportas": "Autobusai", "Marsrutas": "69", "ReisoID": 24077161141, "MasinosNumeris": 944, "Ilguma": 25271632, "Ilguma_new": 25.271632, "Platuma": 54698035, "Platuma_new": 54.698035, "Greitis": 0, "Azimutas": 200, "ReisoPradziaMinutemis": 701, "NuokrypisSekundemis": 327, "MatavimoLaikas": 44497, "MasinosTipas": "Z", "KryptiesTipas": "A>B", "KryptiesPavadinimas": "Šiltnamių g.", "ReisoIdGTFS": "A69-03-1-250425-ab-1140", "color": "blue" }, "geometry": { "type": "Point", "coordinates": [ 25.271632, 54.698035 ] } },
{ "type": "Feature", "properties": { "Transportas": "Autobusai", "Marsrutas": "69", "ReisoID": 24077171201, "MasinosNumeris": 722, "Ilguma": 25285214, "Ilguma_new": 25.285214, "Platuma": 54721357, "Platuma_new": 54.721357, "Greitis": 17, "Azimutas": 136, "ReisoPradziaMinutemis": 721, "NuokrypisSekundemis": -23, "MatavimoLaikas": 44496, "MasinosTipas": "Z", "KryptiesTipas": "A>B", "KryptiesPavadinimas": "Šiltnamių g.", "ReisoIdGTFS": "A69-05-1-250425-ab-1200", "color": "blue" }, "geometry": { "type": "Point", "coordinates": [ 25.285214, 54.721357 ] } },
{ "type": "Feature", "properties": { "Transportas": "Autobusai", "Marsrutas": "69", "ReisoID": 24077181105, "MasinosNumeris": 4523, "Ilguma": 25256714, "Ilguma_new": 25.256714, "Platuma": 54757696, "Platuma_new": 54.757696, "Greitis": 0, "Azimutas": 124, "ReisoPradziaMinutemis": 665, "NuokrypisSekundemis": 0, "MatavimoLaikas": 44494, "MasinosTipas": "KWZ", "KryptiesTipas": "B1>A1", "KryptiesPavadinimas": "Bajorai", "ReisoIdGTFS": "A69-06-1-250425-ab-1220", "color": "blue" }, "geometry": { "type": "Point", "coordinates": [ 25.256714, 54.757696 ] } },
{ "type": "Feature", "properties": { "Transportas": "Autobusai", "Marsrutas": "49", "ReisoID": 24077201218, "MasinosNumeris": 4505, "Ilguma": 25212389, "Ilguma_new": 25.212389, "Platuma": 54661511, "Platuma_new": 54.661511, "Greitis": 41, "Azimutas": 16, "ReisoPradziaMinutemis": 738, "NuokrypisSekundemis": -10, "MatavimoLaikas": 44488, "MasinosTipas": "KWZ", "KryptiesTipas": "B>A", "KryptiesPavadinimas": "Ateities g.", "ReisoIdGTFS": "A49-01-1-250425-ba-1220", "color": "blue" }, "geometry": { "type": "Point", "coordinates": [ 25.212389, 54.661511 ] } },
{ "type": "Feature", "properties": { "Transportas": "Autobusai", "Marsrutas": "49", "ReisoID": 24077211122, "MasinosNumeris": 4524, "Ilguma": 25266451, "Ilguma_new": 25.266451, "Platuma": 54736233, "Platuma_new": 54.736233, "Greitis": 0, "Azimutas": 324, "ReisoPradziaMinutemis": 682, "NuokrypisSekundemis": 0, "MatavimoLaikas": 44491, "MasinosTipas": "KWZ", "KryptiesTipas": "B>A", "KryptiesPavadinimas": "Ateities g.", "ReisoIdGTFS": "A49-05-1-250425-ab-1230", "color": "blue" }, "geometry": { "type": "Point", "coordinates": [ 25.266451, 54.736233 ] } },
{ "type": "Feature", "properties": { "Transportas": "Autobusai", "Marsrutas": "49", "ReisoID": 24077231141, "MasinosNumeris": 4502, "Ilguma": 25212350, "Ilguma_new": 25.21235, "Platuma": 54677769, "Platuma_new": 54.677769, "Greitis": 0, "Azimutas": 254, "ReisoPradziaMinutemis": 701, "NuokrypisSekundemis": 12, "MatavimoLaikas": 44495, "MasinosTipas": "KWZ", "KryptiesTipas": "A>B", "KryptiesPavadinimas": "Bukčiai", "ReisoIdGTFS": "A49-02-1-250425-ab-1140", "color": "blue" }, "geometry": { "type": "Point", "coordinates": [ 25.21235, 54.677769 ] } },
{ "type": "Feature", "properties": { "Transportas": "Autobusai", "Marsrutas": "49", "ReisoID": 24077241207, "MasinosNumeris": 4509, "Ilguma": 25283831, "Ilguma_new": 25.283831, "Platuma": 54704363, "Platuma_new": 54.704363, "Greitis": 18, "Azimutas": 190, "ReisoPradziaMinutemis": 727, "NuokrypisSekundemis": 68, "MatavimoLaikas": 44499, "MasinosTipas": "KWZ", "KryptiesTipas": "A>B", "KryptiesPavadinimas": "Bukčiai", "ReisoIdGTFS": "A49-04-1-250425-ab-1210", "color": "blue" }, "geometry": { "type": "Point", "coordinates": [ 25.283831, 54.704363 ] } },
{ "type": "Feature", "properties": { "Transportas": "Autobusai", "Marsrutas": "49", "ReisoID": 24077261145, "MasinosNumeris": 4519, "Ilguma": 25279075, "Ilguma_new": 25.279075, "Platuma": 54703998, "Platuma_new": 54.703998, "Greitis": 16, "Azimutas": 98, "ReisoPradziaMinutemis": 705, "NuokrypisSekundemis": -24, "MatavimoLaikas": 44497, "MasinosTipas": "KWZ", "KryptiesTipas": "B>A", "KryptiesPavadinimas": "Ateities g.", "ReisoIdGTFS": "A49-07-1-250425-ba-1150", "color": "blue" }, "geometry": { "type": "Point", "coordinates": [ 25.279075, 54.703998 ] } },
{ "type": "Feature", "properties": { "Transportas": "Autobusai", "Marsrutas": "1G", "ReisoID": 24078061212, "MasinosNumeris": 4195, "Ilguma": 25278752, "Ilguma_new": 25.278752, "Platuma": 54733796, "Platuma_new": 54.733796, "Greitis": 38, "Azimutas": 172, "ReisoPradziaMinutemis": 732, "NuokrypisSekundemis": 63, "MatavimoLaikas": 44499, "MasinosTipas": "KWNZD", "KryptiesTipas": "B>A", "KryptiesPavadinimas": "Stotis", "ReisoIdGTFS": "A1G-11-1-250425-ba-1210", "color": "blue" }, "geometry": { "type": "Point", "coordinates": [ 25.278752, 54.733796 ] } },
{ "type": "Feature", "properties": { "Transportas": "Autobusai", "Marsrutas": "1G", "ReisoID": 24078071016, "MasinosNumeris": 4193, "Ilguma": 25295071, "Ilguma_new": 25.295071, "Platuma": 54719685, "Platuma_new": 54.719685, "Greitis": 0, "Azimutas": 32, "ReisoPradziaMinutemis": 616, "NuokrypisSekundemis": null, "MatavimoLaikas": 44499, "MasinosTipas": "KWNZD", "KryptiesTipas": "B1>D", "KryptiesPavadinimas": "Autobusų parkas (Verkių g.)", "ReisoIdGTFS": "A1G-04-1-250425-b1d-1020", "color": "blue" }, "geometry": { "type": "Point", "coordinates": [ 25.295071, 54.719685 ] } },
{ "type": "Feature", "properties": { "Transportas": "Autobusai", "Marsrutas": "1G", "ReisoID": 24078081205, "MasinosNumeris": 4163, "Ilguma": 25286661, "Ilguma_new": 25.286661, "Platuma": 54714702, "Platuma_new": 54.714702, "Greitis": 18, "Azimutas": 178, "ReisoPradziaMinutemis": 725, "NuokrypisSekundemis": 94, "MatavimoLaikas": 44495, "MasinosTipas": "KWZD", "KryptiesTipas": "B>A", "KryptiesPavadinimas": "Stotis", "ReisoIdGTFS": "A1G-09-1-250425-ba-1210", "color": "blue" }, "geometry": { "type": "Point", "coordinates": [ 25.286661, 54.714702 ] } },
{ "type": "Feature", "properties": { "Transportas": "Autobusai", "Marsrutas": "1G", "ReisoID": 24078111219, "MasinosNumeris": 4649, "Ilguma": 25280008, "Ilguma_new": 25.280008, "Platuma": 54752612, "Platuma_new": 54.752612, "Greitis": 3, "Azimutas": 186, "ReisoPradziaMinutemis": 739, "NuokrypisSekundemis": -7, "MatavimoLaikas": 44491, "MasinosTipas": "Z", "KryptiesTipas": "B>A", "KryptiesPavadinimas": "Stotis", "ReisoIdGTFS": "A1G-13-1-250425-ba-1220", "color": "blue" }, "geometry": { "type": "Point", "coordinates": [ 25.280008, 54.752612 ] } },
{ "type": "Feature", "properties": { "Transportas": "Autobusai", "Marsrutas": "1G", "ReisoID": 24078121149, "MasinosNumeris": 4156, "Ilguma": 25276769, "Ilguma_new": 25.276769, "Platuma": 54739906, "Platuma_new": 54.739906, "Greitis": 15, "Azimutas": 352, "ReisoPradziaMinutemis": 709, "NuokrypisSekundemis": -14, "MatavimoLaikas": 44497, "MasinosTipas": "KWZD", "KryptiesTipas": "A>B", "KryptiesPavadinimas": "Santariškės", "ReisoIdGTFS": "A1G-14-1-250425-ab-1150", "color": "blue" }, "geometry": { "type": "Point", "coordinates": [ 25.276769, 54.739906 ] } },
{ "type": "Feature", "properties": { "Transportas": "Autobusai", "Marsrutas": "1G", "ReisoID": 24078141140, "MasinosNumeris": 4159, "Ilguma": 25280795, "Ilguma_new": 25.280795, "Platuma": 54755798, "Platuma_new": 54.755798, "Greitis": 33, "Azimutas": 8, "ReisoPradziaMinutemis": 700, "NuokrypisSekundemis": 297, "MatavimoLaikas": 44499, "MasinosTipas": "KWZD", "KryptiesTipas": "A>B", "KryptiesPavadinimas": "Santariškės", "ReisoIdGTFS": "A1G-15-1-250425-ab-1140", "color": "blue" }, "geometry": { "type": "Point", "coordinates": [ 25.280795, 54.755798 ] } },
{ "type": "Feature", "properties": { "Transportas": "Autobusai", "Marsrutas": "1G", "ReisoID": 24078160948, "MasinosNumeris": 4644, "Ilguma": 25294258, "Ilguma_new": 25.294258, "Platuma": 54720941, "Platuma_new": 54.720941, "Greitis": 0, "Azimutas": 78, "ReisoPradziaMinutemis": 588, "NuokrypisSekundemis": null, "MatavimoLaikas": 44498, "MasinosTipas": "Z", "KryptiesTipas": "B1>D", "KryptiesPavadinimas": "Autobusų parkas (Verkių g.)", "ReisoIdGTFS": "A1G-02-1-250425-b1d-0950", "color": "blue" }, "geometry": { "type": "Point", "coordinates": [ 25.294258, 54.720941 ] } },
{ "type": "Feature", "properties": { "Transportas": "Autobusai", "Marsrutas": "1G", "ReisoID": 24078171157, "MasinosNumeris": 4176, "Ilguma": 25285496, "Ilguma_new": 25.285496, "Platuma": 54707938, "Platuma_new": 54.707938, "Greitis": 8, "Azimutas": 4, "ReisoPradziaMinutemis": 717, "NuokrypisSekundemis": 87, "MatavimoLaikas": 44499, "MasinosTipas": "KWNZD", "KryptiesTipas": "A>B", "KryptiesPavadinimas": "Santariškės", "ReisoIdGTFS": "A1G-01-1-250425-ab-1200", "color": "blue" }, "geometry": { "type": "Point", "coordinates": [ 25.285496, 54.707938 ] } },
{ "type": "Feature", "properties": { "Transportas": "Autobusai", "Marsrutas": "1G", "ReisoID": 24078181212, "MasinosNumeris": 4187, "Ilguma": 25277383, "Ilguma_new": 25.277383, "Platuma": 54682348, "Platuma_new": 54.682348, "Greitis": 3, "Azimutas": 4, "ReisoPradziaMinutemis": 732, "NuokrypisSekundemis": 71, "MatavimoLaikas": 44491, "MasinosTipas": "KWNZD", "KryptiesTipas": "A>B", "KryptiesPavadinimas": "Santariškės", "ReisoIdGTFS": "A1G-05-1-250425-ab-1210", "color": "blue" }, "geometry": { "type": "Point", "coordinates": [ 25.277383, 54.682348 ] } },
{ "type": "Feature", "properties": { "Transportas": "Autobusai", "Marsrutas": "1G", "ReisoID": 24078191219, "MasinosNumeris": 4641, "Ilguma": 25282886, "Ilguma_new": 25.282886, "Platuma": 54671915, "Platuma_new": 54.671915, "Greitis": 14, "Azimutas": 330, "ReisoPradziaMinutemis": 739, "NuokrypisSekundemis": 28, "MatavimoLaikas": 44496, "MasinosTipas": "Z", "KryptiesTipas": "A>B", "KryptiesPavadinimas": "Santariškės", "ReisoIdGTFS": "A1G-08-1-250425-ab-1220", "color": "blue" }, "geometry": { "type": "Point", "coordinates": [ 25.282886, 54.671915 ] } },
{ "type": "Feature", "properties": { "Transportas": "Autobusai", "Marsrutas": "1G", "ReisoID": 24078201144, "MasinosNumeris": 4196, "Ilguma": 25282651, "Ilguma_new": 25.282651, "Platuma": 54672259, "Platuma_new": 54.672259, "Greitis": 0, "Azimutas": 208, "ReisoPradziaMinutemis": 704, "NuokrypisSekundemis": 0, "MatavimoLaikas": 44499, "MasinosTipas": "KWNZD", "KryptiesTipas": "B>A", "KryptiesPavadinimas": "Stotis", "ReisoIdGTFS": "A1G-07-1-250425-ab-1230", "color": "blue" }, "geometry": { "type": "Point", "coordinates": [ 25.282651, 54.672259 ] } },
{ "type": "Feature", "properties": { "Transportas": "Autobusai", "Marsrutas": "1G", "ReisoID": 24078211158, "MasinosNumeris": 4198, "Ilguma": 25281922, "Ilguma_new": 25.281922, "Platuma": 54696990, "Platuma_new": 54.69699, "Greitis": 15, "Azimutas": 192, "ReisoPradziaMinutemis": 718, "NuokrypisSekundemis": 11, "MatavimoLaikas": 44500, "MasinosTipas": "KWNZD", "KryptiesTipas": "B>A", "KryptiesPavadinimas": "Stotis", "ReisoIdGTFS": "A1G-03-1-250425-ba-1200", "color": "blue" }, "geometry": { "type": "Point", "coordinates": [ 25.281922, 54.69699 ] } },
{ "type": "Feature", "properties": { "Transportas": "Autobusai", "Marsrutas": "1G", "ReisoID": 24078231205, "MasinosNumeris": 4166, "Ilguma": 25281740, "Ilguma_new": 25.28174, "Platuma": 54695643, "Platuma_new": 54.695643, "Greitis": 32, "Azimutas": 354, "ReisoPradziaMinutemis": 725, "NuokrypisSekundemis": 77, "MatavimoLaikas": 44491, "MasinosTipas": "KWZD", "KryptiesTipas": "A>B", "KryptiesPavadinimas": "Santariškės", "ReisoIdGTFS": "A1G-18-1-250425-ab-1210", "color": "blue" }, "geometry": { "type": "Point", "coordinates": [ 25.28174, 54.695643 ] } },
{ "type": "Feature", "properties": { "Transportas": "Autobusai", "Marsrutas": "1G", "ReisoID": 24078241151, "MasinosNumeris": 4171, "Ilguma": 25277252, "Ilguma_new": 25.277252, "Platuma": 54684710, "Platuma_new": 54.68471, "Greitis": 5, "Azimutas": 48, "ReisoPradziaMinutemis": 711, "NuokrypisSekundemis": -107, "MatavimoLaikas": 44499, "MasinosTipas": "KWZD", "KryptiesTipas": "B>A", "KryptiesPavadinimas": "Stotis", "ReisoIdGTFS": "A1G-19-1-250425-ba-1150", "color": "blue" }, "geometry": { "type": "Point", "coordinates": [ 25.277252, 54.68471 ] } },
{ "type": "Feature", "properties": { "Transportas": "Autobusai", "Marsrutas": "53", "ReisoID": 24078251137, "MasinosNumeris": 4596, "Ilguma": 25245980, "Ilguma_new": 25.24598, "Platuma": 54735560, "Platuma_new": 54.73556, "Greitis": 16, "Azimutas": 288, "ReisoPradziaMinutemis": 697, "NuokrypisSekundemis": -1, "MatavimoLaikas": 44499, "MasinosTipas": "KWNZD", "KryptiesTipas": "B>A", "KryptiesPavadinimas": "Fabijoniškės", "ReisoIdGTFS": "A53-01-1-250425-ab-1240", "color": "blue" }, "geometry": { "type": "Point", "coordinates": [ 25.24598, 54.73556 ] } },
{ "type": "Feature", "properties": { "Transportas": "Autobusai", "Marsrutas": "53", "ReisoID": 24078271146, "MasinosNumeris": 4582, "Ilguma": 25257344, "Ilguma_new": 25.257344, "Platuma": 54711473, "Platuma_new": 54.711473, "Greitis": 20, "Azimutas": 340, "ReisoPradziaMinutemis": 706, "NuokrypisSekundemis": 26, "MatavimoLaikas": 44493, "MasinosTipas": "KWNZD", "KryptiesTipas": "B>A", "KryptiesPavadinimas": "Fabijoniškės", "ReisoIdGTFS": "A53-03-1-250425-ba-1150", "color": "blue" }, "geometry": { "type": "Point", "coordinates": [ 25.257344, 54.711473 ] } },
{ "type": "Feature", "properties": { "Transportas": "Autobusai", "Marsrutas": "53", "ReisoID": 24078291205, "MasinosNumeris": 4581, "Ilguma": 25280926, "Ilguma_new": 25.280926, "Platuma": 54693162, "Platuma_new": 54.693162, "Greitis": 0, "Azimutas": 26, "ReisoPradziaMinutemis": 725, "NuokrypisSekundemis": 108, "MatavimoLaikas": 44495, "MasinosTipas": "KWNZD", "KryptiesTipas": "B>A", "KryptiesPavadinimas": "Fabijoniškės", "ReisoIdGTFS": "A53-05-1-250425-ba-1210", "color": "blue" }, "geometry": { "type": "Point", "coordinates": [ 25.280926, 54.693162 ] } },
{ "type": "Feature", "properties": { "Transportas": "Autobusai", "Marsrutas": "53", "ReisoID": 24078300538, "MasinosNumeris": 709, "Ilguma": 25294475, "Ilguma_new": 25.294475, "Platuma": 54720037, "Platuma_new": 54.720037, "Greitis": 0, "Azimutas": 186, "ReisoPradziaMinutemis": 338, "NuokrypisSekundemis": null, "MatavimoLaikas": 44499, "MasinosTipas": "Z", "KryptiesTipas": "D>A", "KryptiesPavadinimas": "Fabijoniškės", "ReisoIdGTFS": "A53-10-1-250425-da-0540", "color": "blue" }, "geometry": { "type": "Point", "coordinates": [ 25.294475, 54.720037 ] } },
{ "type": "Feature", "properties": { "Transportas": "Autobusai", "Marsrutas": "53", "ReisoID": 24078301218, "MasinosNumeris": 4648, "Ilguma": 25253725, "Ilguma_new": 25.253725, "Platuma": 54733129, "Platuma_new": 54.733129, "Greitis": 0, "Azimutas": 156, "ReisoPradziaMinutemis": 738, "NuokrypisSekundemis": -7, "MatavimoLaikas": 44495, "MasinosTipas": "Z", "KryptiesTipas": "A>B", "KryptiesPavadinimas": "Stotis", "ReisoIdGTFS": "A53-10-1-250425-ab-1220", "color": "blue" }, "geometry": { "type": "Point", "coordinates": [ 25.253725, 54.733129 ] } },
{ "type": "Feature", "properties": { "Transportas": "Autobusai", "Marsrutas": "53", "ReisoID": 24078311223, "MasinosNumeris": 4562, "Ilguma": 25283285, "Ilguma_new": 25.283285, "Platuma": 54670752, "Platuma_new": 54.670752, "Greitis": 13, "Azimutas": 226, "ReisoPradziaMinutemis": 743, "NuokrypisSekundemis": 0, "MatavimoLaikas": 44499, "MasinosTipas": "KWZD", "KryptiesTipas": "B>A", "KryptiesPavadinimas": "Fabijoniškės", "ReisoIdGTFS": "A53-07-1-250425-ba-1220", "color": "blue" }, "geometry": { "type": "Point", "coordinates": [ 25.283285, 54.670752 ] } },
{ "type": "Feature", "properties": { "Transportas": "Autobusai", "Marsrutas": "53", "ReisoID": 24078321143, "MasinosNumeris": 4656, "Ilguma": 25283727, "Ilguma_new": 25.283727, "Platuma": 54674895, "Platuma_new": 54.674895, "Greitis": 11, "Azimutas": 208, "ReisoPradziaMinutemis": 703, "NuokrypisSekundemis": -63, "MatavimoLaikas": 44500, "MasinosTipas": "Z", "KryptiesTipas": "A>B", "KryptiesPavadinimas": "Stotis", "ReisoIdGTFS": "A53-08-1-250425-ab-1140", "color": "blue" }, "geometry": { "type": "Point", "coordinates": [ 25.283727, 54.674895 ] } },
{ "type": "Feature", "properties": { "Transportas": "Autobusai", "Marsrutas": "53", "ReisoID": 24078331211, "MasinosNumeris": 4575, "Ilguma": 25256712, "Ilguma_new": 25.256712, "Platuma": 54714253, "Platuma_new": 54.714253, "Greitis": 0, "Azimutas": 198, "ReisoPradziaMinutemis": 731, "NuokrypisSekundemis": -1, "MatavimoLaikas": 44496, "MasinosTipas": "WZD", "KryptiesTipas": "A>B", "KryptiesPavadinimas": "Stotis", "ReisoIdGTFS": "A53-12-1-250425-ab-1210", "color": "blue" }, "geometry": { "type": "Point", "coordinates": [ 25.256712, 54.714253 ] } },
{ "type": "Feature", "properties": { "Transportas": "Autobusai", "Marsrutas": "53", "ReisoID": 24078341213, "MasinosNumeris": 4601, "Ilguma": 25278240, "Ilguma_new": 25.27824, "Platuma": 54685136, "Platuma_new": 54.685136, "Greitis": 0, "Azimutas": 202, "ReisoPradziaMinutemis": 733, "NuokrypisSekundemis": -104, "MatavimoLaikas": 44496, "MasinosTipas": "KWNZD", "KryptiesTipas": "B>A", "KryptiesPavadinimas": "Fabijoniškės", "ReisoIdGTFS": "A53-06-1-250425-ba-1210", "color": "blue" }, "geometry": { "type": "Point", "coordinates": [ 25.27824, 54.685136 ] } },
{ "type": "Feature", "properties": { "Transportas": "Autobusai", "Marsrutas": "53", "ReisoID": 24078351127, "MasinosNumeris": 4589, "Ilguma": 25241453, "Ilguma_new": 25.241453, "Platuma": 54739922, "Platuma_new": 54.739922, "Greitis": 0, "Azimutas": 154, "ReisoPradziaMinutemis": 687, "NuokrypisSekundemis": 0, "MatavimoLaikas": 44498, "MasinosTipas": "KWNZD", "KryptiesTipas": "B>A", "KryptiesPavadinimas": "Fabijoniškės", "ReisoIdGTFS": "A53-11-1-250425-ab-1230", "color": "blue" }, "geometry": { "type": "Point", "coordinates": [ 25.241453, 54.739922 ] } },
{ "type": "Feature", "properties": { "Transportas": "Autobusai", "Marsrutas": "53", "ReisoID": 24078361150, "MasinosNumeris": 4554, "Ilguma": 25279807, "Ilguma_new": 25.279807, "Platuma": 54688124, "Platuma_new": 54.688124, "Greitis": 0, "Azimutas": 186, "ReisoPradziaMinutemis": 710, "NuokrypisSekundemis": -45, "MatavimoLaikas": 44494, "MasinosTipas": "KWZD", "KryptiesTipas": "A>B", "KryptiesPavadinimas": "Stotis", "ReisoIdGTFS": "A53-09-1-250425-ab-1150", "color": "blue" }, "geometry": { "type": "Point", "coordinates": [ 25.279807, 54.688124 ] } },
{ "type": "Feature", "properties": { "Transportas": "Autobusai", "Marsrutas": "53", "ReisoID": 24078371157, "MasinosNumeris": 4551, "Ilguma": 25281855, "Ilguma_new": 25.281855, "Platuma": 54697209, "Platuma_new": 54.697209, "Greitis": 12, "Azimutas": 184, "ReisoPradziaMinutemis": 717, "NuokrypisSekundemis": -22, "MatavimoLaikas": 44494, "MasinosTipas": "KWZD", "KryptiesTipas": "A>B", "KryptiesPavadinimas": "Stotis", "ReisoIdGTFS": "A53-13-1-250425-ab-1200", "color": "blue" }, "geometry": { "type": "Point", "coordinates": [ 25.281855, 54.697209 ] } },
{ "type": "Feature", "properties": { "Transportas": "Autobusai", "Marsrutas": "53", "ReisoID": 24078381155, "MasinosNumeris": 4579, "Ilguma": 25284023, "Ilguma_new": 25.284023, "Platuma": 54704458, "Platuma_new": 54.704458, "Greitis": 23, "Azimutas": 358, "ReisoPradziaMinutemis": 715, "NuokrypisSekundemis": 255, "MatavimoLaikas": 44499, "MasinosTipas": "KWNZD", "KryptiesTipas": "B>A", "KryptiesPavadinimas": "Fabijoniškės", "ReisoIdGTFS": "A53-14-1-250425-ba-1200", "color": "blue" }, "geometry": { "type": "Point", "coordinates": [ 25.284023, 54.704458 ] } },
{ "type": "Feature", "properties": { "Transportas": "Autobusai", "Marsrutas": "53", "ReisoID": 24078391204, "MasinosNumeris": 4566, "Ilguma": 25285048, "Ilguma_new": 25.285048, "Platuma": 54714840, "Platuma_new": 54.71484, "Greitis": 0, "Azimutas": 76, "ReisoPradziaMinutemis": 724, "NuokrypisSekundemis": 76, "MatavimoLaikas": 44497, "MasinosTipas": "KWZD", "KryptiesTipas": "A>B", "KryptiesPavadinimas": "Stotis", "ReisoIdGTFS": "A53-15-1-250425-ab-1200", "color": "blue" }, "geometry": { "type": "Point", "coordinates": [ 25.285048, 54.71484 ] } },
{ "type": "Feature", "properties": { "Transportas": "Autobusai", "Marsrutas": "53", "ReisoID": 24078401132, "MasinosNumeris": 771, "Ilguma": 25244219, "Ilguma_new": 25.244219, "Platuma": 54731259, "Platuma_new": 54.731259, "Greitis": 0, "Azimutas": 144, "ReisoPradziaMinutemis": 692, "NuokrypisSekundemis": 0, "MatavimoLaikas": 44493, "MasinosTipas": "KZ", "KryptiesTipas": "X>D", "KryptiesPavadinimas": "Kaimelio st.", "ReisoIdGTFS": "A53-16-1-250425-xa-1650", "color": "blue" }, "geometry": { "type": "Point", "coordinates": [ 25.244219, 54.731259 ] } },
{ "type": "Feature", "properties": { "Transportas": "Autobusai", "Marsrutas": "2G", "ReisoID": 24078731201, "MasinosNumeris": 4151, "Ilguma": 25208210, "Ilguma_new": 25.20821, "Platuma": 54681238, "Platuma_new": 54.681238, "Greitis": 41, "Azimutas": 310, "ReisoPradziaMinutemis": 721, "NuokrypisSekundemis": -48, "MatavimoLaikas": 44497, "MasinosTipas": "KZ", "KryptiesTipas": "B>A", "KryptiesPavadinimas": "Santariškės", "ReisoIdGTFS": "A2G-16-1-250425-ba-1200", "color": "blue" }, "geometry": { "type": "Point", "coordinates": [ 25.20821, 54.681238 ] } },
{ "type": "Feature", "properties": { "Transportas": "Autobusai", "Marsrutas": "2G", "ReisoID": 24078741143, "MasinosNumeris": 4584, "Ilguma": 25239639, "Ilguma_new": 25.239639, "Platuma": 54669452, "Platuma_new": 54.669452, "Greitis": 28, "Azimutas": 8, "ReisoPradziaMinutemis": 703, "NuokrypisSekundemis": 86, "MatavimoLaikas": 44493, "MasinosTipas": "KWNZD", "KryptiesTipas": "A>B", "KryptiesPavadinimas": "Stotis", "ReisoIdGTFS": "A2G-15-1-250425-ab-1140", "color": "blue" }, "geometry": { "type": "Point", "coordinates": [ 25.239639, 54.669452 ] } },
{ "type": "Feature", "properties": { "Transportas": "Autobusai", "Marsrutas": "2G", "ReisoID": 24078751117, "MasinosNumeris": 4591, "Ilguma": 25281259, "Ilguma_new": 25.281259, "Platuma": 54756436, "Platuma_new": 54.756436, "Greitis": 0, "Azimutas": 4, "ReisoPradziaMinutemis": 677, "NuokrypisSekundemis": 0, "MatavimoLaikas": 44491, "MasinosTipas": "KWNZD", "KryptiesTipas": "B>A", "KryptiesPavadinimas": "Santariškės", "ReisoIdGTFS": "A2G-17-1-250425-ab-1230", "color": "blue" }, "geometry": { "type": "Point", "coordinates": [ 25.281259, 54.756436 ] } },
{ "type": "Feature", "properties": { "Transportas": "Autobusai", "Marsrutas": "2G", "ReisoID": 24078791132, "MasinosNumeris": 4179, "Ilguma": 25276581, "Ilguma_new": 25.276581, "Platuma": 54740186, "Platuma_new": 54.740186, "Greitis": 29, "Azimutas": 348, "ReisoPradziaMinutemis": 692, "NuokrypisSekundemis": 108, "MatavimoLaikas": 44489, "MasinosTipas": "KWNZD", "KryptiesTipas": "B>A", "KryptiesPavadinimas": "Santariškės", "ReisoIdGTFS": "A2G-03-1-250425-ba-1130", "color": "blue" }, "geometry": { "type": "Point", "coordinates": [ 25.276581, 54.740186 ] } },
{ "type": "Feature", "properties": { "Transportas": "Autobusai", "Marsrutas": "2G", "ReisoID": 24078811149, "MasinosNumeris": 4183, "Ilguma": 25226785, "Ilguma_new": 25.226785, "Platuma": 54706991, "Platuma_new": 54.706991, "Greitis": 0, "Azimutas": 6, "ReisoPradziaMinutemis": 709, "NuokrypisSekundemis": 197, "MatavimoLaikas": 44495, "MasinosTipas": "KWNZD", "KryptiesTipas": "B>A", "KryptiesPavadinimas": "Santariškės", "ReisoIdGTFS": "A2G-05-1-250425-ba-1150", "color": "blue" }, "geometry": { "type": "Point", "coordinates": [ 25.226785, 54.706991 ] } },
{ "type": "Feature", "properties": { "Transportas": "Autobusai", "Marsrutas": "2G", "ReisoID": 24078821212, "MasinosNumeris": 4192, "Ilguma": 25257766, "Ilguma_new": 25.257766, "Platuma": 54735133, "Platuma_new": 54.735133, "Greitis": 0, "Azimutas": 248, "ReisoPradziaMinutemis": 732, "NuokrypisSekundemis": -88, "MatavimoLaikas": 44494, "MasinosTipas": "KWNZD", "KryptiesTipas": "A>B", "KryptiesPavadinimas": "Stotis", "ReisoIdGTFS": "A2G-01-1-250425-ab-1210", "color": "blue" }, "geometry": { "type": "Point", "coordinates": [ 25.257766, 54.735133 ] } },
{ "type": "Feature", "properties": { "Transportas": "Autobusai", "Marsrutas": "2G", "ReisoID": 24078831139, "MasinosNumeris": 4191, "Ilguma": 25259733, "Ilguma_new": 25.259733, "Platuma": 54735305, "Platuma_new": 54.735305, "Greitis": 9, "Azimutas": 74, "ReisoPradziaMinutemis": 699, "NuokrypisSekundemis": -12, "MatavimoLaikas": 44496, "MasinosTipas": "KWNZD", "KryptiesTipas": "B>A", "KryptiesPavadinimas": "Santariškės", "ReisoIdGTFS": "A2G-07-1-250425-ba-1140", "color": "blue" }, "geometry": { "type": "Point", "coordinates": [ 25.259733, 54.735305 ] } },
{ "type": "Feature", "properties": { "Transportas": "Autobusai", "Marsrutas": "2G", "ReisoID": 24078851214, "MasinosNumeris": 4167, "Ilguma": 25268539, "Ilguma_new": 25.268539, "Platuma": 54671723, "Platuma_new": 54.671723, "Greitis": 0, "Azimutas": 254, "ReisoPradziaMinutemis": 734, "NuokrypisSekundemis": 27, "MatavimoLaikas": 44500, "MasinosTipas": "KWZD", "KryptiesTipas": "B>A", "KryptiesPavadinimas": "Santariškės", "ReisoIdGTFS": "A2G-11-1-250425-ba-1210", "color": "blue" }, "geometry": { "type": "Point", "coordinates": [ 25.268539, 54.671723 ] } },
{ "type": "Feature", "properties": { "Transportas": "Autobusai", "Marsrutas": "2G", "ReisoID": 24078861153, "MasinosNumeris": 4168, "Ilguma": 25216275, "Ilguma_new": 25.216275, "Platuma": 54692373, "Platuma_new": 54.692373, "Greitis": 0, "Azimutas": 214, "ReisoPradziaMinutemis": 713, "NuokrypisSekundemis": -13, "MatavimoLaikas": 44499, "MasinosTipas": "KWZD", "KryptiesTipas": "A1>B", "KryptiesPavadinimas": "Stotis", "ReisoIdGTFS": "A2G-10-1-250425-a1b-1150", "color": "blue" }, "geometry": { "type": "Point", "coordinates": [ 25.216275, 54.692373 ] } },
{ "type": "Feature", "properties": { "Transportas": "Autobusai", "Marsrutas": "2G", "ReisoID": 24078871127, "MasinosNumeris": 4637, "Ilguma": 25283461, "Ilguma_new": 25.283461, "Platuma": 54671046, "Platuma_new": 54.671046, "Greitis": 0, "Azimutas": 150, "ReisoPradziaMinutemis": 687, "NuokrypisSekundemis": 76, "MatavimoLaikas": 44493, "MasinosTipas": "Z", "KryptiesTipas": "A>B", "KryptiesPavadinimas": "Stotis", "ReisoIdGTFS": "A2G-13-1-250425-ba-1220", "color": "blue" }, "geometry": { "type": "Point", "coordinates": [ 25.283461, 54.671046 ] } },
{ "type": "Feature", "properties": { "Transportas": "Autobusai", "Marsrutas": "2G", "ReisoID": 24078881107, "MasinosNumeris": 741, "Ilguma": 25292940, "Ilguma_new": 25.29294, "Platuma": 54721037, "Platuma_new": 54.721037, "Greitis": 0, "Azimutas": 86, "ReisoPradziaMinutemis": 667, "NuokrypisSekundemis": 3484, "MatavimoLaikas": 44297, "MasinosTipas": "KZ", "KryptiesTipas": "A>D1", "KryptiesPavadinimas": "Autobusų parkas (Verkių g.)", "ReisoIdGTFS": "A2G-12-1-250425-ad1-1110", "color": "blue" }, "geometry": { "type": "Point", "coordinates": [ 25.29294, 54.721037 ] } },
{ "type": "Feature", "properties": { "Transportas": "Autobusai", "Marsrutas": "2G", "ReisoID": 24078891221, "MasinosNumeris": 4563, "Ilguma": 25280173, "Ilguma_new": 25.280173, "Platuma": 54753322, "Platuma_new": 54.753322, "Greitis": 28, "Azimutas": 186, "ReisoPradziaMinutemis": 741, "NuokrypisSekundemis": -5, "MatavimoLaikas": 44496, "MasinosTipas": "KWZD", "KryptiesTipas": "A1>B", "KryptiesPavadinimas": "Stotis", "ReisoIdGTFS": "A2G-14-1-250425-a1b-1220", "color": "blue" }, "geometry": { "type": "Point", "coordinates": [ 25.280173, 54.753322 ] } },
{ "type": "Feature", "properties": { "Transportas": "Autobusai", "Marsrutas": "2G", "ReisoID": 24078901136, "MasinosNumeris": 4169, "Ilguma": 25271576, "Ilguma_new": 25.271576, "Platuma": 54672237, "Platuma_new": 54.672237, "Greitis": 2, "Azimutas": 76, "ReisoPradziaMinutemis": 696, "NuokrypisSekundemis": 0, "MatavimoLaikas": 44489, "MasinosTipas": "KWZD", "KryptiesTipas": "A1>B", "KryptiesPavadinimas": "Stotis", "ReisoIdGTFS": "A2G-18-1-250425-ba-1230", "color": "blue" }, "geometry": { "type": "Point", "coordinates": [ 25.271576, 54.672237 ] } },
{ "type": "Feature", "properties": { "Transportas": "Autobusai", "Marsrutas": "2G", "ReisoID": 24078911201, "MasinosNumeris": 4174, "Ilguma": 25229724, "Ilguma_new": 25.229724, "Platuma": 54714590, "Platuma_new": 54.71459, "Greitis": 37, "Azimutas": 200, "ReisoPradziaMinutemis": 721, "NuokrypisSekundemis": -12, "MatavimoLaikas": 44498, "MasinosTipas": "KWZD", "KryptiesTipas": "A>B", "KryptiesPavadinimas": "Stotis", "ReisoIdGTFS": "A2G-19-1-250425-ab-1200", "color": "blue" }, "geometry": { "type": "Point", "coordinates": [ 25.229724, 54.71459 ] } },
{ "type": "Feature", "properties": { "Transportas": "Autobusai", "Marsrutas": "2G", "ReisoID": 24078921126, "MasinosNumeris": 4194, "Ilguma": 25281142, "Ilguma_new": 25.281142, "Platuma": 54756453, "Platuma_new": 54.756453, "Greitis": 0, "Azimutas": 6, "ReisoPradziaMinutemis": 686, "NuokrypisSekundemis": 0, "MatavimoLaikas": 44499, "MasinosTipas": "KWNZD", "KryptiesTipas": "B>A", "KryptiesPavadinimas": "Santariškės", "ReisoIdGTFS": "A2G-20-1-250425-ab-1240", "color": "blue" }, "geometry": { "type": "Point", "coordinates": [ 25.281142, 54.756453 ] } },
{ "type": "Feature", "properties": { "Transportas": "Autobusai", "Marsrutas": "9", "ReisoID": 24079451154, "MasinosNumeris": 4548, "Ilguma": 25274026, "Ilguma_new": 25.274026, "Platuma": 54662551, "Platuma_new": 54.662551, "Greitis": 0, "Azimutas": 18, "ReisoPradziaMinutemis": 714, "NuokrypisSekundemis": 0, "MatavimoLaikas": 44498, "MasinosTipas": "KWNZ", "KryptiesTipas": "B1>B2", "KryptiesPavadinimas": "Naujininkai", "ReisoIdGTFS": "A9-01-1-250425-b2a1-1230", "color": "blue" }, "geometry": { "type": "Point", "coordinates": [ 25.274026, 54.662551 ] } },
{ "type": "Feature", "properties": { "Transportas": "Autobusai", "Marsrutas": "9", "ReisoID": 24079461202, "MasinosNumeris": 4545, "Ilguma": 25249674, "Ilguma_new": 25.249674, "Platuma": 54605861, "Platuma_new": 54.605861, "Greitis": 30, "Azimutas": 102, "ReisoPradziaMinutemis": 722, "NuokrypisSekundemis": -34, "MatavimoLaikas": 44492, "MasinosTipas": "KWNZ", "KryptiesTipas": "A1>B1", "KryptiesPavadinimas": "Salininkai", "ReisoIdGTFS": "A9-02-1-250425-a1b1-1200", "color": "blue" }, "geometry": { "type": "Point", "coordinates": [ 25.249674, 54.605861 ] } },
{ "type": "Feature", "properties": { "Transportas": "Autobusai", "Marsrutas": "10", "ReisoID": 24079471153, "MasinosNumeris": 4110, "Ilguma": 25286890, "Ilguma_new": 25.28689, "Platuma": 54713083, "Platuma_new": 54.713083, "Greitis": 3, "Azimutas": 8, "ReisoPradziaMinutemis": 713, "NuokrypisSekundemis": -31, "MatavimoLaikas": 44497, "MasinosTipas": "KWZ", "KryptiesTipas": "B>A", "KryptiesPavadinimas": "Fabijoniškės", "ReisoIdGTFS": "A10-05-1-250425-ba-1150", "color": "blue" }, "geometry": { "type": "Point", "coordinates": [ 25.28689, 54.713083 ] } },
{ "type": "Feature", "properties": { "Transportas": "Autobusai", "Marsrutas": "10", "ReisoID": 24079481136, "MasinosNumeris": 729, "Ilguma": 25313658, "Ilguma_new": 25.313658, "Platuma": 54674738, "Platuma_new": 54.674738, "Greitis": 19, "Azimutas": 92, "ReisoPradziaMinutemis": 696, "NuokrypisSekundemis": 134, "MatavimoLaikas": 44498, "MasinosTipas": "KZ", "KryptiesTipas": "A>B", "KryptiesPavadinimas": "Markučiai", "ReisoIdGTFS": "A10-04-1-250425-ab-1140", "color": "blue" }, "geometry": { "type": "Point", "coordinates": [ 25.313658, 54.674738 ] } },
{ "type": "Feature", "properties": { "Transportas": "Autobusai", "Marsrutas": "10", "ReisoID": 24079491201, "MasinosNumeris": 4109, "Ilguma": 25285581, "Ilguma_new": 25.285581, "Platuma": 54709121, "Platuma_new": 54.709121, "Greitis": 0, "Azimutas": 190, "ReisoPradziaMinutemis": 721, "NuokrypisSekundemis": 66, "MatavimoLaikas": 44493, "MasinosTipas": "KWZ", "KryptiesTipas": "A>B", "KryptiesPavadinimas": "Markučiai", "ReisoIdGTFS": "A10-03-1-250425-ab-1200", "color": "blue" }, "geometry": { "type": "Point", "coordinates": [ 25.285581, 54.709121 ] } },
{ "type": "Feature", "properties": { "Transportas": "Autobusai", "Marsrutas": "10", "ReisoID": 24079501146, "MasinosNumeris": 939, "Ilguma": 25286216, "Ilguma_new": 25.286216, "Platuma": 54686372, "Platuma_new": 54.686372, "Greitis": 13, "Azimutas": 202, "ReisoPradziaMinutemis": 706, "NuokrypisSekundemis": 33, "MatavimoLaikas": 44498, "MasinosTipas": "Z", "KryptiesTipas": "A>B", "KryptiesPavadinimas": "Markučiai", "ReisoIdGTFS": "A10-01-1-250425-ab-1150", "color": "blue" }, "geometry": { "type": "Point", "coordinates": [ 25.286216, 54.686372 ] } },
{ "type": "Feature", "properties": { "Transportas": "Autobusai", "Marsrutas": "10", "ReisoID": 24079521207, "MasinosNumeris": 3039, "Ilguma": 25287321, "Ilguma_new": 25.287321, "Platuma": 54687406, "Platuma_new": 54.687406, "Greitis": 0, "Azimutas": 32, "ReisoPradziaMinutemis": 727, "NuokrypisSekundemis": 85, "MatavimoLaikas": 44500, "MasinosTipas": "KZ", "KryptiesTipas": "B>A", "KryptiesPavadinimas": "Fabijoniškės", "ReisoIdGTFS": "A10-07-1-250425-ba-1210", "color": "blue" }, "geometry": { "type": "Point", "coordinates": [ 25.287321, 54.687406 ] } },
{ "type": "Feature", "properties": { "Transportas": "Autobusai", "Marsrutas": "10", "ReisoID": 24079541217, "MasinosNumeris": 756, "Ilguma": 25256130, "Ilguma_new": 25.25613, "Platuma": 54734480, "Platuma_new": 54.73448, "Greitis": 30, "Azimutas": 60, "ReisoPradziaMinutemis": 737, "NuokrypisSekundemis": -17, "MatavimoLaikas": 44487, "MasinosTipas": "Z", "KryptiesTipas": "A>B", "KryptiesPavadinimas": "Markučiai", "ReisoIdGTFS": "A10-06-1-250425-ab-1220", "color": "blue" }, "geometry": { "type": "Point", "coordinates": [ 25.25613, 54.73448 ] } },
{ "type": "Feature", "properties": { "Transportas": "Autobusai", "Marsrutas": "10", "ReisoID": 24079551221, "MasinosNumeris": 4113, "Ilguma": 25318918, "Ilguma_new": 25.318918, "Platuma": 54674823, "Platuma_new": 54.674823, "Greitis": 8, "Azimutas": 300, "ReisoPradziaMinutemis": 741, "NuokrypisSekundemis": -28, "MatavimoLaikas": 44492, "MasinosTipas": "KWZ", "KryptiesTipas": "B>A", "KryptiesPavadinimas": "Fabijoniškės", "ReisoIdGTFS": "A10-09-1-250425-ba-1220", "color": "blue" }, "geometry": { "type": "Point", "coordinates": [ 25.318918, 54.674823 ] } },
{ "type": "Feature", "properties": { "Transportas": "Autobusai", "Marsrutas": "10", "ReisoID": 24079561137, "MasinosNumeris": 4111, "Ilguma": 25243970, "Ilguma_new": 25.24397, "Platuma": 54731517, "Platuma_new": 54.731517, "Greitis": 0, "Azimutas": 326, "ReisoPradziaMinutemis": 697, "NuokrypisSekundemis": 0, "MatavimoLaikas": 44492, "MasinosTipas": "KWZ", "KryptiesTipas": "B>A", "KryptiesPavadinimas": "Fabijoniškės", "ReisoIdGTFS": "A10-10-1-250425-ab-1230", "color": "blue" }, "geometry": { "type": "Point", "coordinates": [ 25.24397, 54.731517 ] } },
{ "type": "Feature", "properties": { "Transportas": "Autobusai", "Marsrutas": "37", "ReisoID": 24079571201, "MasinosNumeris": 956, "Ilguma": 25282029, "Ilguma_new": 25.282029, "Platuma": 54697225, "Platuma_new": 54.697225, "Greitis": 28, "Azimutas": 6, "ReisoPradziaMinutemis": 721, "NuokrypisSekundemis": 31, "MatavimoLaikas": 44499, "MasinosTipas": "Z", "KryptiesTipas": "B>A", "KryptiesPavadinimas": "Kalvarijų g.", "ReisoIdGTFS": "A37-01-1-250425-ba-1200", "color": "blue" }, "geometry": { "type": "Point", "coordinates": [ 25.282029, 54.697225 ] } },
{ "type": "Feature", "properties": { "Transportas": "Autobusai", "Marsrutas": "27", "ReisoID": 24079581151, "MasinosNumeris": 4106, "Ilguma": 25281984, "Ilguma_new": 25.281984, "Platuma": 54697070, "Platuma_new": 54.69707, "Greitis": 24, "Azimutas": 8, "ReisoPradziaMinutemis": 711, "NuokrypisSekundemis": -73, "MatavimoLaikas": 44496, "MasinosTipas": "KWZ", "KryptiesTipas": "B>A", "KryptiesPavadinimas": "Kalvarijų g.", "ReisoIdGTFS": "A27-02-1-250425-ba-1150", "color": "blue" }, "geometry": { "type": "Point", "coordinates": [ 25.281984, 54.69707 ] } },
{ "type": "Feature", "properties": { "Transportas": "Autobusai", "Marsrutas": "27", "ReisoID": 24079591203, "MasinosNumeris": 967, "Ilguma": 25369229, "Ilguma_new": 25.369229, "Platuma": 54695602, "Platuma_new": 54.695602, "Greitis": 19, "Azimutas": 48, "ReisoPradziaMinutemis": 723, "NuokrypisSekundemis": 16, "MatavimoLaikas": 44495, "MasinosTipas": "Z", "KryptiesTipas": "A>B", "KryptiesPavadinimas": "Arimų g.", "ReisoIdGTFS": "A27-01-1-250425-ab-1200", "color": "blue" }, "geometry": { "type": "Point", "coordinates": [ 25.369229, 54.695602 ] } },
{ "type": "Feature", "properties": { "Transportas": "Autobusai", "Marsrutas": "63", "ReisoID": 24079631202, "MasinosNumeris": 773, "Ilguma": 25150285, "Ilguma_new": 25.150285, "Platuma": 54712082, "Platuma_new": 54.712082, "Greitis": 12, "Azimutas": 116, "ReisoPradziaMinutemis": 722, "NuokrypisSekundemis": 753, "MatavimoLaikas": 44488, "MasinosTipas": "KZ", "KryptiesTipas": "B>A", "KryptiesPavadinimas": "Žvėrynas", "ReisoIdGTFS": "A63-01-1-250425-ba-1200", "color": "blue" }, "geometry": { "type": "Point", "coordinates": [ 25.150285, 54.712082 ] } },
{ "type": "Feature", "properties": { "Transportas": "Autobusai", "Marsrutas": "63", "ReisoID": 24079641202, "MasinosNumeris": 4533, "Ilguma": 25131918, "Ilguma_new": 25.131918, "Platuma": 54716107, "Platuma_new": 54.716107, "Greitis": 4, "Azimutas": 298, "ReisoPradziaMinutemis": 722, "NuokrypisSekundemis": 101, "MatavimoLaikas": 44499, "MasinosTipas": "KWZ", "KryptiesTipas": "A>B", "KryptiesPavadinimas": "Karveliškės", "ReisoIdGTFS": "A63-02-1-250425-ab-1200", "color": "blue" }, "geometry": { "type": "Point", "coordinates": [ 25.131918, 54.716107 ] } },
{ "type": "Feature", "properties": { "Transportas": "Autobusai", "Marsrutas": "30", "ReisoID": 24079671212, "MasinosNumeris": 3110, "Ilguma": 25211476, "Ilguma_new": 25.211476, "Platuma": 54699655, "Platuma_new": 54.699655, "Greitis": 0, "Azimutas": 104, "ReisoPradziaMinutemis": 732, "NuokrypisSekundemis": -57, "MatavimoLaikas": 44497, "MasinosTipas": "KWZ", "KryptiesTipas": "A>B", "KryptiesPavadinimas": "Šiaurės miestelis", "ReisoIdGTFS": "A30-01-1-250425-ab-1210", "color": "blue" }, "geometry": { "type": "Point", "coordinates": [ 25.211476, 54.699655 ] } },
{ "type": "Feature", "properties": { "Transportas": "Autobusai", "Marsrutas": "30", "ReisoID": 24079691201, "MasinosNumeris": 3103, "Ilguma": 25255196, "Ilguma_new": 25.255196, "Platuma": 54699300, "Platuma_new": 54.6993, "Greitis": 35, "Azimutas": 282, "ReisoPradziaMinutemis": 721, "NuokrypisSekundemis": -67, "MatavimoLaikas": 44495, "MasinosTipas": "KWZ", "KryptiesTipas": "B>A", "KryptiesPavadinimas": "Pilaitė", "ReisoIdGTFS": "A30-04-1-250425-ba-1200", "color": "blue" }, "geometry": { "type": "Point", "coordinates": [ 25.255196, 54.6993 ] } },
{ "type": "Feature", "properties": { "Transportas": "Autobusai", "Marsrutas": "30", "ReisoID": 24079701142, "MasinosNumeris": 784, "Ilguma": 25299831, "Ilguma_new": 25.299831, "Platuma": 54711229, "Platuma_new": 54.711229, "Greitis": 27, "Azimutas": 84, "ReisoPradziaMinutemis": 702, "NuokrypisSekundemis": -4, "MatavimoLaikas": 44498, "MasinosTipas": "KZ", "KryptiesTipas": "A>B", "KryptiesPavadinimas": "Šiaurės miestelis", "ReisoIdGTFS": "A30-05-1-250425-ba-1230", "color": "blue" }, "geometry": { "type": "Point", "coordinates": [ 25.299831, 54.711229 ] } },
{ "type": "Feature", "properties": { "Transportas": "Autobusai", "Marsrutas": "30", "ReisoID": 24079711144, "MasinosNumeris": 4530, "Ilguma": 25174966, "Ilguma_new": 25.174966, "Platuma": 54709615, "Platuma_new": 54.709615, "Greitis": 9, "Azimutas": 172, "ReisoPradziaMinutemis": 704, "NuokrypisSekundemis": 70, "MatavimoLaikas": 44492, "MasinosTipas": "KWZ", "KryptiesTipas": "B>A", "KryptiesPavadinimas": "Pilaitė", "ReisoIdGTFS": "A30-03-1-250425-ba-1140", "color": "blue" }, "geometry": { "type": "Point", "coordinates": [ 25.174966, 54.709615 ] } },
{ "type": "Feature", "properties": { "Transportas": "Autobusai", "Marsrutas": "30", "ReisoID": 24079720658, "MasinosNumeris": 3104, "Ilguma": 25215561, "Ilguma_new": 25.215561, "Platuma": 54703169, "Platuma_new": 54.703169, "Greitis": 34, "Azimutas": 90, "ReisoPradziaMinutemis": 418, "NuokrypisSekundemis": null, "MatavimoLaikas": 44498, "MasinosTipas": "KWZ", "KryptiesTipas": "D>A", "KryptiesPavadinimas": "Pilaitė", "ReisoIdGTFS": "A30-06-1-250425-da-0700", "color": "blue" }, "geometry": { "type": "Point", "coordinates": [ 25.215561, 54.703169 ] } },
{ "type": "Feature", "properties": { "Transportas": "Troleibusai", "Marsrutas": "6", "ReisoID": 24079751158, "MasinosNumeris": 1851, "Ilguma": 25269025, "Ilguma_new": 25.269025, "Platuma": 54681644, "Platuma_new": 54.681644, "Greitis": 0, "Azimutas": 112, "ReisoPradziaMinutemis": 718, "NuokrypisSekundemis": 85, "MatavimoLaikas": 44498, "MasinosTipas": "KWNZ", "KryptiesTipas": "B>A", "KryptiesPavadinimas": "Žirmūnai", "ReisoIdGTFS": "T6-04-1-250425-ba-1200", "color": "red" }, "geometry": { "type": "Point", "coordinates": [ 25.269025, 54.681644 ] } },
{ "type": "Feature", "properties": { "Transportas": "Troleibusai", "Marsrutas": "6", "ReisoID": 24079761206, "MasinosNumeris": 1859, "Ilguma": 25284938, "Ilguma_new": 25.284938, "Platuma": 54707143, "Platuma_new": 54.707143, "Greitis": 19, "Azimutas": 192, "ReisoPradziaMinutemis": 726, "NuokrypisSekundemis": 133, "MatavimoLaikas": 44492, "MasinosTipas": "KWNZ", "KryptiesTipas": "A>B", "KryptiesPavadinimas": "Žemieji Paneriai", "ReisoIdGTFS": "T6-11-1-250425-ab-1210", "color": "red" }, "geometry": { "type": "Point", "coordinates": [ 25.284938, 54.707143 ] } },
{ "type": "Feature", "properties": { "Transportas": "Troleibusai", "Marsrutas": "6", "ReisoID": 24079771142, "MasinosNumeris": 1826, "Ilguma": 25255517, "Ilguma_new": 25.255517, "Platuma": 54677695, "Platuma_new": 54.677695, "Greitis": 24, "Azimutas": 228, "ReisoPradziaMinutemis": 702, "NuokrypisSekundemis": 198, "MatavimoLaikas": 44496, "MasinosTipas": "KWNZ", "KryptiesTipas": "A>B", "KryptiesPavadinimas": "Žemieji Paneriai", "ReisoIdGTFS": "T6-06-1-250425-ab-1140", "color": "red" }, "geometry": { "type": "Point", "coordinates": [ 25.255517, 54.677695 ] } },
{ "type": "Feature", "properties": { "Transportas": "Troleibusai", "Marsrutas": "6", "ReisoID": 24079781153, "MasinosNumeris": 1852, "Ilguma": 25277265, "Ilguma_new": 25.277265, "Platuma": 54682551, "Platuma_new": 54.682551, "Greitis": 30, "Azimutas": 186, "ReisoPradziaMinutemis": 713, "NuokrypisSekundemis": 14, "MatavimoLaikas": 44498, "MasinosTipas": "KWNZ", "KryptiesTipas": "A>B", "KryptiesPavadinimas": "Žemieji Paneriai", "ReisoIdGTFS": "T6-08-1-250425-ab-1150", "color": "red" }, "geometry": { "type": "Point", "coordinates": [ 25.277265, 54.682551 ] } },
{ "type": "Feature", "properties": { "Transportas": "Troleibusai", "Marsrutas": "6", "ReisoID": 24079791218, "MasinosNumeris": 1857, "Ilguma": 25210758, "Ilguma_new": 25.210758, "Platuma": 54646515, "Platuma_new": 54.646515, "Greitis": 14, "Azimutas": 48, "ReisoPradziaMinutemis": 738, "NuokrypisSekundemis": 27, "MatavimoLaikas": 44499, "MasinosTipas": "KWNZ", "KryptiesTipas": "B>A", "KryptiesPavadinimas": "Žirmūnai", "ReisoIdGTFS": "T6-01-1-250425-ba-1220", "color": "red" }, "geometry": { "type": "Point", "coordinates": [ 25.210758, 54.646515 ] } },
{ "type": "Feature", "properties": { "Transportas": "Troleibusai", "Marsrutas": "6", "ReisoID": 24079811220, "MasinosNumeris": 1822, "Ilguma": 25298035, "Ilguma_new": 25.298035, "Platuma": 54723904, "Platuma_new": 54.723904, "Greitis": 33, "Azimutas": 180, "ReisoPradziaMinutemis": 740, "NuokrypisSekundemis": 37, "MatavimoLaikas": 44494, "MasinosTipas": "KWNZ", "KryptiesTipas": "A>B", "KryptiesPavadinimas": "Žemieji Paneriai", "ReisoIdGTFS": "T6-12-1-250425-ab-1220", "color": "red" }, "geometry": { "type": "Point", "coordinates": [ 25.298035, 54.723904 ] } },
{ "type": "Feature", "properties": { "Transportas": "Troleibusai", "Marsrutas": "6", "ReisoID": 24079841130, "MasinosNumeris": 1843, "Ilguma": 25295537, "Ilguma_new": 25.295537, "Platuma": 54718467, "Platuma_new": 54.718467, "Greitis": 2, "Azimutas": 16, "ReisoPradziaMinutemis": 690, "NuokrypisSekundemis": 128, "MatavimoLaikas": 44493, "MasinosTipas": "KWNZ", "KryptiesTipas": "B>A", "KryptiesPavadinimas": "Žirmūnai", "ReisoIdGTFS": "T6-14-1-250425-ba-1130", "color": "red" }, "geometry": { "type": "Point", "coordinates": [ 25.295537, 54.718467 ] } },
{ "type": "Feature", "properties": { "Transportas": "Troleibusai", "Marsrutas": "6", "ReisoID": 24079851132, "MasinosNumeris": 1845, "Ilguma": 25216618, "Ilguma_new": 25.216618, "Platuma": 54650030, "Platuma_new": 54.65003, "Greitis": 39, "Azimutas": 226, "ReisoPradziaMinutemis": 692, "NuokrypisSekundemis": 69, "MatavimoLaikas": 44495, "MasinosTipas": "KWNZ", "KryptiesTipas": "A>B", "KryptiesPavadinimas": "Žemieji Paneriai", "ReisoIdGTFS": "T6-09-1-250425-ab-1130", "color": "red" }, "geometry": { "type": "Point", "coordinates": [ 25.216618, 54.65003 ] } },
{ "type": "Feature", "properties": { "Transportas": "Troleibusai", "Marsrutas": "6", "ReisoID": 24079891144, "MasinosNumeris": 1811, "Ilguma": 25283007, "Ilguma_new": 25.283007, "Platuma": 54700173, "Platuma_new": 54.700173, "Greitis": 0, "Azimutas": 10, "ReisoPradziaMinutemis": 704, "NuokrypisSekundemis": 31, "MatavimoLaikas": 44498, "MasinosTipas": "KWNZ", "KryptiesTipas": "B>A", "KryptiesPavadinimas": "Žirmūnai", "ReisoIdGTFS": "T6-16-1-250425-ba-1140", "color": "red" }, "geometry": { "type": "Point", "coordinates": [ 25.283007, 54.700173 ] } },
{ "type": "Feature", "properties": { "Transportas": "Troleibusai", "Marsrutas": "6", "ReisoID": 24079911208, "MasinosNumeris": 1846, "Ilguma": 25241239, "Ilguma_new": 25.241239, "Platuma": 54670099, "Platuma_new": 54.670099, "Greitis": 26, "Azimutas": 54, "ReisoPradziaMinutemis": 728, "NuokrypisSekundemis": 63, "MatavimoLaikas": 44498, "MasinosTipas": "KWNZ", "KryptiesTipas": "B>A", "KryptiesPavadinimas": "Žirmūnai", "ReisoIdGTFS": "T6-18-1-250425-ba-1210", "color": "red" }, "geometry": { "type": "Point", "coordinates": [ 25.241239, 54.670099 ] } },
{ "type": "Feature", "properties": { "Transportas": "Troleibusai", "Marsrutas": "10", "ReisoID": 24080051216, "MasinosNumeris": 1827, "Ilguma": 25321880, "Ilguma_new": 25.32188, "Platuma": 54724259, "Platuma_new": 54.724259, "Greitis": 0, "Azimutas": 238, "ReisoPradziaMinutemis": 736, "NuokrypisSekundemis": 26, "MatavimoLaikas": 44493, "MasinosTipas": "KWNZ", "KryptiesTipas": "A>B", "KryptiesPavadinimas": "Naujininkai", "ReisoIdGTFS": "T10-04-1-250425-ab-1220", "color": "red" }, "geometry": { "type": "Point", "coordinates": [ 25.32188, 54.724259 ] } },
{ "type": "Feature", "properties": { "Transportas": "Troleibusai", "Marsrutas": "10", "ReisoID": 24080071135, "MasinosNumeris": 1860, "Ilguma": 25340216, "Ilguma_new": 25.340216, "Platuma": 54724090, "Platuma_new": 54.72409, "Greitis": 27, "Azimutas": 66, "ReisoPradziaMinutemis": 695, "NuokrypisSekundemis": 0, "MatavimoLaikas": 44496, "MasinosTipas": "KWNZ", "KryptiesTipas": "B>A", "KryptiesPavadinimas": "Saulėtekis", "ReisoIdGTFS": "T10-07-1-250425-ab-1230", "color": "red" }, "geometry": { "type": "Point", "coordinates": [ 25.340216, 54.72409 ] } },
{ "type": "Feature", "properties": { "Transportas": "Troleibusai", "Marsrutas": "10", "ReisoID": 24080081140, "MasinosNumeris": 1831, "Ilguma": 25265688, "Ilguma_new": 25.265688, "Platuma": 54680781, "Platuma_new": 54.680781, "Greitis": 0, "Azimutas": 158, "ReisoPradziaMinutemis": 700, "NuokrypisSekundemis": -47, "MatavimoLaikas": 44499, "MasinosTipas": "KWNZ", "KryptiesTipas": "A>B", "KryptiesPavadinimas": "Naujininkai", "ReisoIdGTFS": "T10-01-1-250425-ab-1140", "color": "red" }, "geometry": { "type": "Point", "coordinates": [ 25.265688, 54.680781 ] } },
{ "type": "Feature", "properties": { "Transportas": "Troleibusai", "Marsrutas": "10", "ReisoID": 24080101201, "MasinosNumeris": 1829, "Ilguma": 25289332, "Ilguma_new": 25.289332, "Platuma": 54715516, "Platuma_new": 54.715516, "Greitis": 0, "Azimutas": 242, "ReisoPradziaMinutemis": 721, "NuokrypisSekundemis": 132, "MatavimoLaikas": 44499, "MasinosTipas": "KWNZ", "KryptiesTipas": "A>B", "KryptiesPavadinimas": "Naujininkai", "ReisoIdGTFS": "T10-03-1-250425-ab-1200", "color": "red" }, "geometry": { "type": "Point", "coordinates": [ 25.289332, 54.715516 ] } },
{ "type": "Feature", "properties": { "Transportas": "Troleibusai", "Marsrutas": "10", "ReisoID": 24080111217, "MasinosNumeris": 1849, "Ilguma": 25270694, "Ilguma_new": 25.270694, "Platuma": 54669123, "Platuma_new": 54.669123, "Greitis": 29, "Azimutas": 346, "ReisoPradziaMinutemis": 737, "NuokrypisSekundemis": 104, "MatavimoLaikas": 44497, "MasinosTipas": "KWNZ", "KryptiesTipas": "B>A", "KryptiesPavadinimas": "Saulėtekis", "ReisoIdGTFS": "T10-09-1-250425-ba-1220", "color": "red" }, "geometry": { "type": "Point", "coordinates": [ 25.270694, 54.669123 ] } },
{ "type": "Feature", "properties": { "Transportas": "Troleibusai", "Marsrutas": "10", "ReisoID": 24080121201, "MasinosNumeris": 1856, "Ilguma": 25281747, "Ilguma_new": 25.281747, "Platuma": 54694741, "Platuma_new": 54.694741, "Greitis": 34, "Azimutas": 0, "ReisoPradziaMinutemis": 721, "NuokrypisSekundemis": 166, "MatavimoLaikas": 44493, "MasinosTipas": "KWNZ", "KryptiesTipas": "B>A", "KryptiesPavadinimas": "Saulėtekis", "ReisoIdGTFS": "T10-06-1-250425-ba-1200", "color": "red" }, "geometry": { "type": "Point", "coordinates": [ 25.281747, 54.694741 ] } },
{ "type": "Feature", "properties": { "Transportas": "Autobusai", "Marsrutas": "55", "ReisoID": 24094361148, "MasinosNumeris": 8030, "Ilguma": 25243674, "Ilguma_new": 25.243674, "Platuma": 54730313, "Platuma_new": 54.730313, "Greitis": 35, "Azimutas": 82, "ReisoPradziaMinutemis": 708, "NuokrypisSekundemis": 216, "MatavimoLaikas": 44496, "MasinosTipas": "KWZ", "KryptiesTipas": "A>B", "KryptiesPavadinimas": "Santariškės", "ReisoIdGTFS": "A55-01-1-250425-ab-1150", "color": "blue" }, "geometry": { "type": "Point", "coordinates": [ 25.243674, 54.730313 ] } },
{ "type": "Feature", "properties": { "Transportas": "Autobusai", "Marsrutas": "55", "ReisoID": 24094371143, "MasinosNumeris": 8033, "Ilguma": 25207351, "Ilguma_new": 25.207351, "Platuma": 54680574, "Platuma_new": 54.680574, "Greitis": 26, "Azimutas": 122, "ReisoPradziaMinutemis": 703, "NuokrypisSekundemis": -53, "MatavimoLaikas": 44497, "MasinosTipas": "KWZ", "KryptiesTipas": "B>A", "KryptiesPavadinimas": "Lazdynai", "ReisoIdGTFS": "A55-02-1-250425-ba-1140", "color": "blue" }, "geometry": { "type": "Point", "coordinates": [ 25.207351, 54.680574 ] } },
{ "type": "Feature", "properties": { "Transportas": "Autobusai", "Marsrutas": "55", "ReisoID": 24094381007, "MasinosNumeris": 8026, "Ilguma": 25209194, "Ilguma_new": 25.209194, "Platuma": 54668972, "Platuma_new": 54.668972, "Greitis": 0, "Azimutas": 280, "ReisoPradziaMinutemis": 607, "NuokrypisSekundemis": 0, "MatavimoLaikas": 43126, "MasinosTipas": "KWZ", "KryptiesTipas": "B>A", "KryptiesPavadinimas": "Lazdynai", "ReisoIdGTFS": "A55-03-1-250425-ab-1540", "color": "blue" }, "geometry": { "type": "Point", "coordinates": [ 25.209194, 54.668972 ] } },
{ "type": "Feature", "properties": { "Transportas": "Autobusai", "Marsrutas": "55", "ReisoID": 24094391213, "MasinosNumeris": 8012, "Ilguma": 25276496, "Ilguma_new": 25.276496, "Platuma": 54739513, "Platuma_new": 54.739513, "Greitis": 7, "Azimutas": 168, "ReisoPradziaMinutemis": 733, "NuokrypisSekundemis": 27, "MatavimoLaikas": 44497, "MasinosTipas": "KWZ", "KryptiesTipas": "B>A", "KryptiesPavadinimas": "Lazdynai", "ReisoIdGTFS": "A55-04-1-250425-ba-1210", "color": "blue" }, "geometry": { "type": "Point", "coordinates": [ 25.276496, 54.739513 ] } },
{ "type": "Feature", "properties": { "Transportas": "Autobusai", "Marsrutas": "55", "ReisoID": 24094401217, "MasinosNumeris": 8042, "Ilguma": 25206461, "Ilguma_new": 25.206461, "Platuma": 54672917, "Platuma_new": 54.672917, "Greitis": 28, "Azimutas": 100, "ReisoPradziaMinutemis": 737, "NuokrypisSekundemis": 20, "MatavimoLaikas": 44497, "MasinosTipas": "KWZ", "KryptiesTipas": "A>B", "KryptiesPavadinimas": "Santariškės", "ReisoIdGTFS": "A55-05-1-250425-ab-1220", "color": "blue" }, "geometry": { "type": "Point", "coordinates": [ 25.206461, 54.672917 ] } },
{ "type": "Feature", "properties": { "Transportas": "Autobusai", "Marsrutas": "65", "ReisoID": 24094451208, "MasinosNumeris": 7073, "Ilguma": 25340479, "Ilguma_new": 25.340479, "Platuma": 54778394, "Platuma_new": 54.778394, "Greitis": 28, "Azimutas": 54, "ReisoPradziaMinutemis": 728, "NuokrypisSekundemis": -8, "MatavimoLaikas": 44492, "MasinosTipas": null, "KryptiesTipas": "A>B", "KryptiesPavadinimas": "Pagubė", "ReisoIdGTFS": "A65-02-1-250425-ab-1210", "color": "blue" }, "geometry": { "type": "Point", "coordinates": [ 25.340479, 54.778394 ] } },
{ "type": "Feature", "properties": { "Transportas": "Autobusai", "Marsrutas": "65", "ReisoID": 24094461208, "MasinosNumeris": 7075, "Ilguma": 25355651, "Ilguma_new": 25.355651, "Platuma": 54780549, "Platuma_new": 54.780549, "Greitis": 21, "Azimutas": 162, "ReisoPradziaMinutemis": 728, "NuokrypisSekundemis": -22, "MatavimoLaikas": 44497, "MasinosTipas": "KWZ", "KryptiesTipas": "B>A", "KryptiesPavadinimas": "Ožkiniai", "ReisoIdGTFS": "A65-03-1-250425-ba-1210", "color": "blue" }, "geometry": { "type": "Point", "coordinates": [ 25.355651, 54.780549 ] } },
{ "type": "Feature", "properties": { "Transportas": "Autobusai", "Marsrutas": "26", "ReisoID": 24135771133, "MasinosNumeris": 7056, "Ilguma": 25277305, "Ilguma_new": 25.277305, "Platuma": 54715401, "Platuma_new": 54.715401, "Greitis": 0, "Azimutas": 178, "ReisoPradziaMinutemis": 693, "NuokrypisSekundemis": 0, "MatavimoLaikas": 44498, "MasinosTipas": "KWZ", "KryptiesTipas": "B>A", "KryptiesPavadinimas": "Ozo g.", "ReisoIdGTFS": "A26-01-1-250505-ab-1230", "color": "blue" }, "geometry": { "type": "Point", "coordinates": [ 25.277305, 54.715401 ] } },
{ "type": "Feature", "properties": { "Transportas": "Autobusai", "Marsrutas": "26", "ReisoID": 24135781208, "MasinosNumeris": 7019, "Ilguma": 25269562, "Ilguma_new": 25.269562, "Platuma": 54786289, "Platuma_new": 54.786289, "Greitis": 14, "Azimutas": 146, "ReisoPradziaMinutemis": 728, "NuokrypisSekundemis": 200, "MatavimoLaikas": 44496, "MasinosTipas": "KWZ", "KryptiesTipas": "B>A", "KryptiesPavadinimas": "Ozo g.", "ReisoIdGTFS": "A26-02-1-250505-ba-1210", "color": "blue" }, "geometry": { "type": "Point", "coordinates": [ 25.269562, 54.786289 ] } },
{ "type": "Feature", "properties": { "Transportas": "Autobusai", "Marsrutas": "28", "ReisoID": 24135811155, "MasinosNumeris": 7041, "Ilguma": 25179309, "Ilguma_new": 25.179309, "Platuma": 54642573, "Platuma_new": 54.642573, "Greitis": 66, "Azimutas": 126, "ReisoPradziaMinutemis": 715, "NuokrypisSekundemis": 0, "MatavimoLaikas": 44498, "MasinosTipas": "KWZ", "KryptiesTipas": "B>A", "KryptiesPavadinimas": "Žemieji Paneriai", "ReisoIdGTFS": "A28-01-1-250505-ab-1240", "color": "blue" }, "geometry": { "type": "Point", "coordinates": [ 25.179309, 54.642573 ] } },
{ "type": "Feature", "properties": { "Transportas": "Autobusai", "Marsrutas": "28", "ReisoID": 24135821156, "MasinosNumeris": 7027, "Ilguma": 25076190, "Ilguma_new": 25.07619, "Platuma": 54678110, "Platuma_new": 54.67811, "Greitis": 24, "Azimutas": 106, "ReisoPradziaMinutemis": 716, "NuokrypisSekundemis": 78, "MatavimoLaikas": 44499, "MasinosTipas": "KWZ", "KryptiesTipas": "A>B", "KryptiesPavadinimas": "Valai", "ReisoIdGTFS": "A28-02-1-250505-ab-1200", "color": "blue" }, "geometry": { "type": "Point", "coordinates": [ 25.07619, 54.67811 ] } },
{ "type": "Feature", "properties": { "Transportas": "Autobusai", "Marsrutas": "61", "ReisoID": 24135851158, "MasinosNumeris": 7005, "Ilguma": 25342940, "Ilguma_new": 25.34294, "Platuma": 54633480, "Platuma_new": 54.63348, "Greitis": 0, "Azimutas": 258, "ReisoPradziaMinutemis": 718, "NuokrypisSekundemis": 85, "MatavimoLaikas": 44491, "MasinosTipas": "KWZ", "KryptiesTipas": "A>B", "KryptiesPavadinimas": "Kuprioniškės", "ReisoIdGTFS": "A61-01-1-250505-ab-1200", "color": "blue" }, "geometry": { "type": "Point", "coordinates": [ 25.34294, 54.63348 ] } },
{ "type": "Feature", "properties": { "Transportas": "Autobusai", "Marsrutas": "61", "ReisoID": 24135861159, "MasinosNumeris": 7003, "Ilguma": 25285244, "Ilguma_new": 25.285244, "Platuma": 54671185, "Platuma_new": 54.671185, "Greitis": 0, "Azimutas": 244, "ReisoPradziaMinutemis": 719, "NuokrypisSekundemis": 0, "MatavimoLaikas": 44488, "MasinosTipas": "KWZ", "KryptiesTipas": "B>A", "KryptiesPavadinimas": "Stotis", "ReisoIdGTFS": "A61-02-1-250505-ab-1230", "color": "blue" }, "geometry": { "type": "Point", "coordinates": [ 25.285244, 54.671185 ] } },
{ "type": "Feature", "properties": { "Transportas": "Autobusai", "Marsrutas": "87", "ReisoID": 24152021147, "MasinosNumeris": 981, "Ilguma": 25217675, "Ilguma_new": 25.217675, "Platuma": 54808946, "Platuma_new": 54.808946, "Greitis": 41, "Azimutas": 250, "ReisoPradziaMinutemis": 707, "NuokrypisSekundemis": 281, "MatavimoLaikas": 44497, "MasinosTipas": "Z", "KryptiesTipas": "A>B", "KryptiesPavadinimas": "Šeškinė", "ReisoIdGTFS": "A87-03-1-250508-ab-1150", "color": "blue" }, "geometry": { "type": "Point", "coordinates": [ 25.217675, 54.808946 ] } },
{ "type": "Feature", "properties": { "Transportas": "Autobusai", "Marsrutas": "5", "ReisoID": 24086971147, "MasinosNumeris": 4507, "Ilguma": 25283955, "Ilguma_new": 25.283955, "Platuma": 54703747, "Platuma_new": 54.703747, "Greitis": 27, "Azimutas": 92, "ReisoPradziaMinutemis": 707, "NuokrypisSekundemis": 255, "MatavimoLaikas": 44495, "MasinosTipas": "KWZ", "KryptiesTipas": "A>B", "KryptiesPavadinimas": "Šiaurės miestelis", "ReisoIdGTFS": "A5-03-1-250508-ab-1150", "color": "blue" }, "geometry": { "type": "Point", "coordinates": [ 25.283955, 54.703747 ] } },
{ "type": "Feature", "properties": { "Transportas": "Autobusai", "Marsrutas": "5", "ReisoID": 24086981216, "MasinosNumeris": 4511, "Ilguma": 25304413, "Ilguma_new": 25.304413, "Platuma": 54706152, "Platuma_new": 54.706152, "Greitis": 0, "Azimutas": 186, "ReisoPradziaMinutemis": 736, "NuokrypisSekundemis": 128, "MatavimoLaikas": 44496, "MasinosTipas": "KWZ", "KryptiesTipas": "B>A", "KryptiesPavadinimas": "Pašilaičiai", "ReisoIdGTFS": "A5-02-1-250508-ba-1220", "color": "blue" }, "geometry": { "type": "Point", "coordinates": [ 25.304413, 54.706152 ] } },
{ "type": "Feature", "properties": { "Transportas": "Autobusai", "Marsrutas": "5", "ReisoID": 24086991153, "MasinosNumeris": 4034, "Ilguma": 25231478, "Ilguma_new": 25.231478, "Platuma": 54736608, "Platuma_new": 54.736608, "Greitis": 0, "Azimutas": 322, "ReisoPradziaMinutemis": 713, "NuokrypisSekundemis": -103, "MatavimoLaikas": 44491, "MasinosTipas": "KZ", "KryptiesTipas": "B>A", "KryptiesPavadinimas": "Pašilaičiai", "ReisoIdGTFS": "A5-01-1-250508-ba-1150", "color": "blue" }, "geometry": { "type": "Point", "coordinates": [ 25.231478, 54.736608 ] } },
{ "type": "Feature", "properties": { "Transportas": "Autobusai", "Marsrutas": "5", "ReisoID": 24087011217, "MasinosNumeris": 4102, "Ilguma": 25222858, "Ilguma_new": 25.222858, "Platuma": 54742071, "Platuma_new": 54.742071, "Greitis": 0, "Azimutas": 42, "ReisoPradziaMinutemis": 737, "NuokrypisSekundemis": -8, "MatavimoLaikas": 44498, "MasinosTipas": "KWZ", "KryptiesTipas": "A>B", "KryptiesPavadinimas": "Šiaurės miestelis", "ReisoIdGTFS": "A5-05-1-250508-ab-1220", "color": "blue" }, "geometry": { "type": "Point", "coordinates": [ 25.222858, 54.742071 ] } },
{ "type": "Feature", "properties": { "Transportas": "Autobusai", "Marsrutas": "52", "ReisoID": 24087211143, "MasinosNumeris": 4516, "Ilguma": 25274684, "Ilguma_new": 25.274684, "Platuma": 54691461, "Platuma_new": 54.691461, "Greitis": 22, "Azimutas": 290, "ReisoPradziaMinutemis": 703, "NuokrypisSekundemis": 0, "MatavimoLaikas": 44498, "MasinosTipas": "KWZ", "KryptiesTipas": "B4>A", "KryptiesPavadinimas": "Centras", "ReisoIdGTFS": "A52-02-1-250508-ab4-1240", "color": "blue" }, "geometry": { "type": "Point", "coordinates": [ 25.274684, 54.691461 ] } },
{ "type": "Feature", "properties": { "Transportas": "Autobusai", "Marsrutas": "52", "ReisoID": 24087221156, "MasinosNumeris": 3113, "Ilguma": 25237233, "Ilguma_new": 25.237233, "Platuma": 54731605, "Platuma_new": 54.731605, "Greitis": 22, "Azimutas": 330, "ReisoPradziaMinutemis": 716, "NuokrypisSekundemis": 263, "MatavimoLaikas": 44499, "MasinosTipas": "KWZ", "KryptiesTipas": "A>B4", "KryptiesPavadinimas": "Tarandė", "ReisoIdGTFS": "A52-01-1-250508-ab4-1200", "color": "blue" }, "geometry": { "type": "Point", "coordinates": [ 25.237233, 54.731605 ] } },
{ "type": "Feature", "properties": { "Transportas": "Autobusai", "Marsrutas": "52", "ReisoID": 24087231207, "MasinosNumeris": 3125, "Ilguma": 25226552, "Ilguma_new": 25.226552, "Platuma": 54739906, "Platuma_new": 54.739906, "Greitis": 0, "Azimutas": 140, "ReisoPradziaMinutemis": 727, "NuokrypisSekundemis": 21, "MatavimoLaikas": 44496, "MasinosTipas": "KWZ", "KryptiesTipas": "B4>A", "KryptiesPavadinimas": "Centras", "ReisoIdGTFS": "A52-03-1-250508-b4a-1210", "color": "blue" }, "geometry": { "type": "Point", "coordinates": [ 25.226552, 54.739906 ] } },
{ "type": "Feature", "properties": { "Transportas": "Autobusai", "Marsrutas": "52", "ReisoID": 24087241215, "MasinosNumeris": 797, "Ilguma": 25280794, "Ilguma_new": 25.280794, "Platuma": 54695001, "Platuma_new": 54.695001, "Greitis": 18, "Azimutas": 282, "ReisoPradziaMinutemis": 735, "NuokrypisSekundemis": -16, "MatavimoLaikas": 44498, "MasinosTipas": "KZ", "KryptiesTipas": "A>B4", "KryptiesPavadinimas": "Tarandė", "ReisoIdGTFS": "A52-04-1-250508-ab4-1220", "color": "blue" }, "geometry": { "type": "Point", "coordinates": [ 25.280794, 54.695001 ] } },
{ "type": "Feature", "properties": { "Transportas": "Autobusai", "Marsrutas": "52", "ReisoID": 24087251140, "MasinosNumeris": 3123, "Ilguma": 25181057, "Ilguma_new": 25.181057, "Platuma": 54749309, "Platuma_new": 54.749309, "Greitis": 10, "Azimutas": 174, "ReisoPradziaMinutemis": 700, "NuokrypisSekundemis": 0, "MatavimoLaikas": 44500, "MasinosTipas": "KWZ", "KryptiesTipas": "A>B4", "KryptiesPavadinimas": "Tarandė", "ReisoIdGTFS": "A52-05-1-250508-b4a-1220", "color": "blue" }, "geometry": { "type": "Point", "coordinates": [ 25.181057, 54.749309 ] } },
{ "type": "Feature", "properties": { "Transportas": "Autobusai", "Marsrutas": "3G", "ReisoID": 24151591220, "MasinosNumeris": 4571, "Ilguma": 25277704, "Ilguma_new": 25.277704, "Platuma": 54643658, "Platuma_new": 54.643658, "Greitis": 18, "Azimutas": 168, "ReisoPradziaMinutemis": 740, "NuokrypisSekundemis": 43, "MatavimoLaikas": 44492, "MasinosTipas": "KWZD", "KryptiesTipas": "B>A", "KryptiesPavadinimas": "Fabijoniškės", "ReisoIdGTFS": "A3G-09-1-250508-ba-1220", "color": "blue" }, "geometry": { "type": "Point", "coordinates": [ 25.277704, 54.643658 ] } },
{ "type": "Feature", "properties": { "Transportas": "Autobusai", "Marsrutas": "3G", "ReisoID": 24151621142, "MasinosNumeris": 4570, "Ilguma": 25238531, "Ilguma_new": 25.238531, "Platuma": 54730285, "Platuma_new": 54.730285, "Greitis": 31, "Azimutas": 340, "ReisoPradziaMinutemis": 702, "NuokrypisSekundemis": 178, "MatavimoLaikas": 44493, "MasinosTipas": "KWZD", "KryptiesTipas": "B>A", "KryptiesPavadinimas": "Fabijoniškės", "ReisoIdGTFS": "A3G-13-1-250508-ba-1140", "color": "blue" }, "geometry": { "type": "Point", "coordinates": [ 25.238531, 54.730285 ] } },
{ "type": "Feature", "properties": { "Transportas": "Autobusai", "Marsrutas": "3G", "ReisoID": 24151631053, "MasinosNumeris": 4552, "Ilguma": 25243611, "Ilguma_new": 25.243611, "Platuma": 54731369, "Platuma_new": 54.731369, "Greitis": 0, "Azimutas": 80, "ReisoPradziaMinutemis": 653, "NuokrypisSekundemis": 0, "MatavimoLaikas": 43160, "MasinosTipas": "KWZD", "KryptiesTipas": "A>C", "KryptiesPavadinimas": "Kaimelio st.", "ReisoIdGTFS": "A3G-12-1-250508-ca-1600", "color": "blue" }, "geometry": { "type": "Point", "coordinates": [ 25.243611, 54.731369 ] } },
{ "type": "Feature", "properties": { "Transportas": "Autobusai", "Marsrutas": "3G", "ReisoID": 24151641144, "MasinosNumeris": 4560, "Ilguma": 25269235, "Ilguma_new": 25.269235, "Platuma": 54672038, "Platuma_new": 54.672038, "Greitis": 21, "Azimutas": 166, "ReisoPradziaMinutemis": 704, "NuokrypisSekundemis": 116, "MatavimoLaikas": 44496, "MasinosTipas": "KWZD", "KryptiesTipas": "A>B", "KryptiesPavadinimas": "Oro uostas", "ReisoIdGTFS": "A3G-14-1-250508-ab-1140", "color": "blue" }, "geometry": { "type": "Point", "coordinates": [ 25.269235, 54.672038 ] } },
{ "type": "Feature", "properties": { "Transportas": "Autobusai", "Marsrutas": "3G", "ReisoID": 24151651152, "MasinosNumeris": 4651, "Ilguma": 25268752, "Ilguma_new": 25.268752, "Platuma": 54689190, "Platuma_new": 54.68919, "Greitis": 3, "Azimutas": 196, "ReisoPradziaMinutemis": 712, "NuokrypisSekundemis": 164, "MatavimoLaikas": 44499, "MasinosTipas": "Z", "KryptiesTipas": "A>B", "KryptiesPavadinimas": "Oro uostas", "ReisoIdGTFS": "A3G-15-1-250508-ab-1150", "color": "blue" }, "geometry": { "type": "Point", "coordinates": [ 25.268752, 54.68919 ] } },
{ "type": "Feature", "properties": { "Transportas": "Autobusai", "Marsrutas": "3G", "ReisoID": 24151661208, "MasinosNumeris": 4658, "Ilguma": 25256603, "Ilguma_new": 25.256603, "Platuma": 54704724, "Platuma_new": 54.704724, "Greitis": 49, "Azimutas": 150, "ReisoPradziaMinutemis": 728, "NuokrypisSekundemis": 24, "MatavimoLaikas": 44494, "MasinosTipas": "Z", "KryptiesTipas": "A>B", "KryptiesPavadinimas": "Oro uostas", "ReisoIdGTFS": "A3G-16-1-250508-ab-1210", "color": "blue" }, "geometry": { "type": "Point", "coordinates": [ 25.256603, 54.704724 ] } },
{ "type": "Feature", "properties": { "Transportas": "Autobusai", "Marsrutas": "3G", "ReisoID": 24151671133, "MasinosNumeris": 4593, "Ilguma": 25241002, "Ilguma_new": 25.241002, "Platuma": 54740208, "Platuma_new": 54.740208, "Greitis": 0, "Azimutas": 154, "ReisoPradziaMinutemis": 693, "NuokrypisSekundemis": 0, "MatavimoLaikas": 44499, "MasinosTipas": "KWNZD", "KryptiesTipas": "B>A", "KryptiesPavadinimas": "Fabijoniškės", "ReisoIdGTFS": "A3G-17-1-250508-ab-1230", "color": "blue" }, "geometry": { "type": "Point", "coordinates": [ 25.241002, 54.740208 ] } },
{ "type": "Feature", "properties": { "Transportas": "Autobusai", "Marsrutas": "3G", "ReisoID": 24151681158, "MasinosNumeris": 4599, "Ilguma": 25278688, "Ilguma_new": 25.278688, "Platuma": 54690371, "Platuma_new": 54.690371, "Greitis": 17, "Azimutas": 134, "ReisoPradziaMinutemis": 718, "NuokrypisSekundemis": 103, "MatavimoLaikas": 44494, "MasinosTipas": "KZ", "KryptiesTipas": "B>A", "KryptiesPavadinimas": "Fabijoniškės", "ReisoIdGTFS": "A3G-18-1-250508-ba-1200", "color": "blue" }, "geometry": { "type": "Point", "coordinates": [ 25.278688, 54.690371 ] } },
{ "type": "Feature", "properties": { "Transportas": "Autobusai", "Marsrutas": "3G", "ReisoID": 24151690604, "MasinosNumeris": 4650, "Ilguma": 25294763, "Ilguma_new": 25.294763, "Platuma": 54720392, "Platuma_new": 54.720392, "Greitis": 3, "Azimutas": 170, "ReisoPradziaMinutemis": 364, "NuokrypisSekundemis": null, "MatavimoLaikas": 44497, "MasinosTipas": "Z", "KryptiesTipas": "D>A", "KryptiesPavadinimas": "Fabijoniškės", "ReisoIdGTFS": "A3G-19-1-250508-da-0600", "color": "blue" }, "geometry": { "type": "Point", "coordinates": [ 25.294763, 54.720392 ] } },
{ "type": "Feature", "properties": { "Transportas": "Autobusai", "Marsrutas": "3G", "ReisoID": 24151701200, "MasinosNumeris": 4565, "Ilguma": 25263010, "Ilguma_new": 25.26301, "Platuma": 54699624, "Platuma_new": 54.699624, "Greitis": 0, "Azimutas": 182, "ReisoPradziaMinutemis": 720, "NuokrypisSekundemis": 359, "MatavimoLaikas": 44491, "MasinosTipas": "KWZD", "KryptiesTipas": "A>B", "KryptiesPavadinimas": "Oro uostas", "ReisoIdGTFS": "A3G-20-1-250508-ab-1200", "color": "blue" }, "geometry": { "type": "Point", "coordinates": [ 25.26301, 54.699624 ] } },
{ "type": "Feature", "properties": { "Transportas": "Autobusai", "Marsrutas": "3G", "ReisoID": 24151711150, "MasinosNumeris": 4569, "Ilguma": 25266069, "Ilguma_new": 25.266069, "Platuma": 54698492, "Platuma_new": 54.698492, "Greitis": 21, "Azimutas": 274, "ReisoPradziaMinutemis": 710, "NuokrypisSekundemis": 177, "MatavimoLaikas": 44496, "MasinosTipas": "KWZD", "KryptiesTipas": "B>A", "KryptiesPavadinimas": "Fabijoniškės", "ReisoIdGTFS": "A3G-01-1-250508-ba-1150", "color": "blue" }, "geometry": { "type": "Point", "coordinates": [ 25.266069, 54.698492 ] } },
{ "type": "Feature", "properties": { "Transportas": "Autobusai", "Marsrutas": "3G", "ReisoID": 24151721126, "MasinosNumeris": 4586, "Ilguma": 25241263, "Ilguma_new": 25.241263, "Platuma": 54740015, "Platuma_new": 54.740015, "Greitis": 0, "Azimutas": 152, "ReisoPradziaMinutemis": 686, "NuokrypisSekundemis": 425, "MatavimoLaikas": 44498, "MasinosTipas": "KWNZD", "KryptiesTipas": "B>A", "KryptiesPavadinimas": "Fabijoniškės", "ReisoIdGTFS": "A3G-03-1-250508-ab-1220", "color": "blue" }, "geometry": { "type": "Point", "coordinates": [ 25.241263, 54.740015 ] } },
{ "type": "Feature", "properties": { "Transportas": "Autobusai", "Marsrutas": "3G", "ReisoID": 24151751205, "MasinosNumeris": 4588, "Ilguma": 25265153, "Ilguma_new": 25.265153, "Platuma": 54681943, "Platuma_new": 54.681943, "Greitis": 0, "Azimutas": 350, "ReisoPradziaMinutemis": 725, "NuokrypisSekundemis": 31, "MatavimoLaikas": 44496, "MasinosTipas": "KWNZD", "KryptiesTipas": "B>A", "KryptiesPavadinimas": "Fabijoniškės", "ReisoIdGTFS": "A3G-05-1-250508-ba-1210", "color": "blue" }, "geometry": { "type": "Point", "coordinates": [ 25.265153, 54.681943 ] } },
{ "type": "Feature", "properties": { "Transportas": "Autobusai", "Marsrutas": "3G", "ReisoID": 24151771212, "MasinosNumeris": 4573, "Ilguma": 25269936, "Ilguma_new": 25.269936, "Platuma": 54670911, "Platuma_new": 54.670911, "Greitis": 35, "Azimutas": 348, "ReisoPradziaMinutemis": 732, "NuokrypisSekundemis": -99, "MatavimoLaikas": 44497, "MasinosTipas": "KWZD", "KryptiesTipas": "B>A", "KryptiesPavadinimas": "Fabijoniškės", "ReisoIdGTFS": "A3G-07-1-250508-ba-1210", "color": "blue" }, "geometry": { "type": "Point", "coordinates": [ 25.269936, 54.670911 ] } },
{ "type": "Feature", "properties": { "Transportas": "Autobusai", "Marsrutas": "3G", "ReisoID": 24151781136, "MasinosNumeris": 4585, "Ilguma": 25273035, "Ilguma_new": 25.273035, "Platuma": 54647582, "Platuma_new": 54.647582, "Greitis": 34, "Azimutas": 170, "ReisoPradziaMinutemis": 696, "NuokrypisSekundemis": 99, "MatavimoLaikas": 44498, "MasinosTipas": "KWNZD", "KryptiesTipas": "A>B", "KryptiesPavadinimas": "Oro uostas", "ReisoIdGTFS": "A3G-11-1-250508-ab-1140", "color": "blue" }, "geometry": { "type": "Point", "coordinates": [ 25.273035, 54.647582 ] } },
{ "type": "Feature", "properties": { "Transportas": "Autobusai", "Marsrutas": "24", "ReisoID": 24151801032, "MasinosNumeris": 744, "Ilguma": 25243759, "Ilguma_new": 25.243759, "Platuma": 54731241, "Platuma_new": 54.731241, "Greitis": 0, "Azimutas": 80, "ReisoPradziaMinutemis": 632, "NuokrypisSekundemis": 0, "MatavimoLaikas": 43558, "MasinosTipas": "KZ", "KryptiesTipas": "A>C", "KryptiesPavadinimas": "Kaimelio st.", "ReisoIdGTFS": "A24-04-1-250508-ca-1530", "color": "blue" }, "geometry": { "type": "Point", "coordinates": [ 25.243759, 54.731241 ] } },
{ "type": "Feature", "properties": { "Transportas": "Autobusai", "Marsrutas": "24", "ReisoID": 24151840650, "MasinosNumeris": 4653, "Ilguma": 25292926, "Ilguma_new": 25.292926, "Platuma": 54721038, "Platuma_new": 54.721038, "Greitis": 0, "Azimutas": 84, "ReisoPradziaMinutemis": 410, "NuokrypisSekundemis": null, "MatavimoLaikas": 44486, "MasinosTipas": "Z", "KryptiesTipas": "D>A", "KryptiesPavadinimas": "Fabijoniškės", "ReisoIdGTFS": "A24-07-1-250508-da-0650", "color": "blue" }, "geometry": { "type": "Point", "coordinates": [ 25.292926, 54.721038 ] } },
{ "type": "Feature", "properties": { "Transportas": "Autobusai", "Marsrutas": "40", "ReisoID": 24151871213, "MasinosNumeris": 937, "Ilguma": 25247620, "Ilguma_new": 25.24762, "Platuma": 54735076, "Platuma_new": 54.735076, "Greitis": 0, "Azimutas": 108, "ReisoPradziaMinutemis": 733, "NuokrypisSekundemis": 72, "MatavimoLaikas": 44498, "MasinosTipas": "Z", "KryptiesTipas": "A>B", "KryptiesPavadinimas": "Centras", "ReisoIdGTFS": "A40-03-1-250508-ab-1210", "color": "blue" }, "geometry": { "type": "Point", "coordinates": [ 25.24762, 54.735076 ] } },
{ "type": "Feature", "properties": { "Transportas": "Autobusai", "Marsrutas": "40", "ReisoID": 24151881002, "MasinosNumeris": 936, "Ilguma": 25244099, "Ilguma_new": 25.244099, "Platuma": 54731493, "Platuma_new": 54.731493, "Greitis": 0, "Azimutas": 336, "ReisoPradziaMinutemis": 602, "NuokrypisSekundemis": 0, "MatavimoLaikas": 44491, "MasinosTipas": "Z", "KryptiesTipas": "A>A1", "KryptiesPavadinimas": "Kaimelio st.", "ReisoIdGTFS": "A40-02-1-250508-a1a-1500", "color": "blue" }, "geometry": { "type": "Point", "coordinates": [ 25.244099, 54.731493 ] } },
{ "type": "Feature", "properties": { "Transportas": "Autobusai", "Marsrutas": "40", "ReisoID": 24151891201, "MasinosNumeris": 933, "Ilguma": 25253108, "Ilguma_new": 25.253108, "Platuma": 54733982, "Platuma_new": 54.733982, "Greitis": 22, "Azimutas": 326, "ReisoPradziaMinutemis": 721, "NuokrypisSekundemis": 281, "MatavimoLaikas": 44497, "MasinosTipas": "Z", "KryptiesTipas": "B>A", "KryptiesPavadinimas": "Fabijoniškės", "ReisoIdGTFS": "A40-05-1-250508-ba-1200", "color": "blue" }, "geometry": { "type": "Point", "coordinates": [ 25.253108, 54.733982 ] } },
{ "type": "Feature", "properties": { "Transportas": "Autobusai", "Marsrutas": "40", "ReisoID": 24151911151, "MasinosNumeris": 4135, "Ilguma": 25271295, "Ilguma_new": 25.271295, "Platuma": 54692330, "Platuma_new": 54.69233, "Greitis": 15, "Azimutas": 136, "ReisoPradziaMinutemis": 711, "NuokrypisSekundemis": 64, "MatavimoLaikas": 44494, "MasinosTipas": "KWZ", "KryptiesTipas": "A>B", "KryptiesPavadinimas": "Centras", "ReisoIdGTFS": "A40-01-1-250508-ab-1150", "color": "blue" }, "geometry": { "type": "Point", "coordinates": [ 25.271295, 54.69233 ] } },
{ "type": "Feature", "properties": { "Transportas": "Autobusai", "Marsrutas": "24", "ReisoID": 24151921204, "MasinosNumeris": 4108, "Ilguma": 25255737, "Ilguma_new": 25.255737, "Platuma": 54683953, "Platuma_new": 54.683953, "Greitis": 61, "Azimutas": 76, "ReisoPradziaMinutemis": 724, "NuokrypisSekundemis": 38, "MatavimoLaikas": 44496, "MasinosTipas": "KWZ", "KryptiesTipas": "B>A", "KryptiesPavadinimas": "Fabijoniškės", "ReisoIdGTFS": "A40-07-1-250508-ba-1200", "color": "blue" }, "geometry": { "type": "Point", "coordinates": [ 25.255737, 54.683953 ] } },
{ "type": "Feature", "properties": { "Transportas": "Autobusai", "Marsrutas": "24", "ReisoID": 24151931147, "MasinosNumeris": 4134, "Ilguma": 25202539, "Ilguma_new": 25.202539, "Platuma": 54644049, "Platuma_new": 54.644049, "Greitis": 0, "Azimutas": 272, "ReisoPradziaMinutemis": 707, "NuokrypisSekundemis": 0, "MatavimoLaikas": 44491, "MasinosTipas": "KWZ", "KryptiesTipas": "A>B", "KryptiesPavadinimas": "Žemieji Paneriai", "ReisoIdGTFS": "A40-08-1-250508-ba-1230", "color": "blue" }, "geometry": { "type": "Point", "coordinates": [ 25.202539, 54.644049 ] } },
{ "type": "Feature", "properties": { "Transportas": "Autobusai", "Marsrutas": "40", "ReisoID": 24151941058, "MasinosNumeris": 986, "Ilguma": 25243884, "Ilguma_new": 25.243884, "Platuma": 54731691, "Platuma_new": 54.731691, "Greitis": 0, "Azimutas": 322, "ReisoPradziaMinutemis": 658, "NuokrypisSekundemis": 0, "MatavimoLaikas": 43451, "MasinosTipas": "Z", "KryptiesTipas": "A>A1", "KryptiesPavadinimas": "Kaimelio st.", "ReisoIdGTFS": "A40-06-1-250508-a1a-1600", "color": "blue" }, "geometry": { "type": "Point", "coordinates": [ 25.243884, 54.731691 ] } },
{ "type": "Feature", "properties": { "Transportas": "Autobusai", "Marsrutas": "56", "ReisoID": 24151951132, "MasinosNumeris": 4522, "Ilguma": 25241169, "Ilguma_new": 25.241169, "Platuma": 54740341, "Platuma_new": 54.740341, "Greitis": 3, "Azimutas": 160, "ReisoPradziaMinutemis": 692, "NuokrypisSekundemis": 0, "MatavimoLaikas": 44500, "MasinosTipas": "KWZ", "KryptiesTipas": "B>A", "KryptiesPavadinimas": "Fabijoniškės", "ReisoIdGTFS": "A56-01-1-250508-ab-1230", "color": "blue" }, "geometry": { "type": "Point", "coordinates": [ 25.241169, 54.740341 ] } },
{ "type": "Feature", "properties": { "Transportas": "Autobusai", "Marsrutas": "24", "ReisoID": 24151961218, "MasinosNumeris": 4514, "Ilguma": 25237621, "Ilguma_new": 25.237621, "Platuma": 54732399, "Platuma_new": 54.732399, "Greitis": 31, "Azimutas": 148, "ReisoPradziaMinutemis": 738, "NuokrypisSekundemis": 16, "MatavimoLaikas": 44498, "MasinosTipas": "KWZ", "KryptiesTipas": "A>B", "KryptiesPavadinimas": "Žemieji Paneriai", "ReisoIdGTFS": "A56-02-1-250508-ab-1220", "color": "blue" }, "geometry": { "type": "Point", "coordinates": [ 25.237621, 54.732399 ] } },
{ "type": "Feature", "properties": { "Transportas": "Autobusai", "Marsrutas": "56", "ReisoID": 24151971159, "MasinosNumeris": 4535, "Ilguma": 25278895, "Ilguma_new": 25.278895, "Platuma": 54690370, "Platuma_new": 54.69037, "Greitis": 0, "Azimutas": 126, "ReisoPradziaMinutemis": 719, "NuokrypisSekundemis": 276, "MatavimoLaikas": 44498, "MasinosTipas": "KWZ", "KryptiesTipas": "B>A", "KryptiesPavadinimas": "Fabijoniškės", "ReisoIdGTFS": "A56-03-1-250508-ba-1200", "color": "blue" }, "geometry": { "type": "Point", "coordinates": [ 25.278895, 54.69037 ] } },
{ "type": "Feature", "properties": { "Transportas": "Autobusai", "Marsrutas": "56", "ReisoID": 24151981148, "MasinosNumeris": 976, "Ilguma": 25268646, "Ilguma_new": 25.268646, "Platuma": 54694165, "Platuma_new": 54.694165, "Greitis": 46, "Azimutas": 316, "ReisoPradziaMinutemis": 708, "NuokrypisSekundemis": 214, "MatavimoLaikas": 44493, "MasinosTipas": "Z", "KryptiesTipas": "A>B", "KryptiesPavadinimas": "Vilkpėdė", "ReisoIdGTFS": "A56-04-1-250508-ab-1150", "color": "blue" }, "geometry": { "type": "Point", "coordinates": [ 25.268646, 54.694165 ] } },
{ "type": "Feature", "properties": { "Transportas": "Autobusai", "Marsrutas": "87", "ReisoID": 24152001114, "MasinosNumeris": 4526, "Ilguma": 25245211, "Ilguma_new": 25.245211, "Platuma": 54717151, "Platuma_new": 54.717151, "Greitis": 0, "Azimutas": 262, "ReisoPradziaMinutemis": 674, "NuokrypisSekundemis": 0, "MatavimoLaikas": 44489, "MasinosTipas": "KWZ", "KryptiesTipas": "A>B", "KryptiesPavadinimas": "Šeškinė", "ReisoIdGTFS": "A87-01-1-250508-ba-1230", "color": "blue" }, "geometry": { "type": "Point", "coordinates": [ 25.245211, 54.717151 ] } },
{ "type": "Feature", "properties": { "Transportas": "Autobusai", "Marsrutas": "87", "ReisoID": 24152011147, "MasinosNumeris": 4515, "Ilguma": 25236190, "Ilguma_new": 25.23619, "Platuma": 54808486, "Platuma_new": 54.808486, "Greitis": 28, "Azimutas": 96, "ReisoPradziaMinutemis": 707, "NuokrypisSekundemis": 192, "MatavimoLaikas": 44493, "MasinosTipas": "KWZ", "KryptiesTipas": "B>A", "KryptiesPavadinimas": "Ateities g.", "ReisoIdGTFS": "A87-02-1-250508-ba-1150", "color": "blue" }, "geometry": { "type": "Point", "coordinates": [ 25.23619, 54.808486 ] } },
{ "type": "Feature", "properties": { "Transportas": "Autobusai", "Marsrutas": "87", "ReisoID": 24152031108, "MasinosNumeris": 947, "Ilguma": 25266928, "Ilguma_new": 25.266928, "Platuma": 54735958, "Platuma_new": 54.735958, "Greitis": 0, "Azimutas": 322, "ReisoPradziaMinutemis": 668, "NuokrypisSekundemis": 0, "MatavimoLaikas": 44494, "MasinosTipas": "Z", "KryptiesTipas": "B>A", "KryptiesPavadinimas": "Ateities g.", "ReisoIdGTFS": "A87-04-1-250508-ab-1230", "color": "blue" }, "geometry": { "type": "Point", "coordinates": [ 25.266928, 54.735958 ] } },
{ "type": "Feature", "properties": { "Transportas": "Autobusai", "Marsrutas": "87", "ReisoID": 24152041209, "MasinosNumeris": 945, "Ilguma": 25227488, "Ilguma_new": 25.227488, "Platuma": 54739512, "Platuma_new": 54.739512, "Greitis": 0, "Azimutas": 320, "ReisoPradziaMinutemis": 729, "NuokrypisSekundemis": 75, "MatavimoLaikas": 44494, "MasinosTipas": "Z", "KryptiesTipas": "B>A", "KryptiesPavadinimas": "Ateities g.", "ReisoIdGTFS": "A87-05-1-250508-ba-1210", "color": "blue" }, "geometry": { "type": "Point", "coordinates": [ 25.227488, 54.739512 ] } },
{ "type": "Feature", "properties": { "Transportas": "Autobusai", "Marsrutas": "87", "ReisoID": 24152051130, "MasinosNumeris": 962, "Ilguma": 25219671, "Ilguma_new": 25.219671, "Platuma": 54745310, "Platuma_new": 54.74531, "Greitis": 0, "Azimutas": 140, "ReisoPradziaMinutemis": 690, "NuokrypisSekundemis": 293, "MatavimoLaikas": 44489, "MasinosTipas": "Z", "KryptiesTipas": "A>B", "KryptiesPavadinimas": "Šeškinė", "ReisoIdGTFS": "A87-06-1-250508-ab-1130", "color": "blue" }, "geometry": { "type": "Point", "coordinates": [ 25.219671, 54.74531 ] } },
{ "type": "Feature", "properties": { "Transportas": "Autobusai", "Marsrutas": "87", "ReisoID": 24152061127, "MasinosNumeris": 985, "Ilguma": 25276692, "Ilguma_new": 25.276692, "Platuma": 54742311, "Platuma_new": 54.742311, "Greitis": 39, "Azimutas": 196, "ReisoPradziaMinutemis": 687, "NuokrypisSekundemis": 7, "MatavimoLaikas": 44495, "MasinosTipas": "Z", "KryptiesTipas": "B>A", "KryptiesPavadinimas": "Ateities g.", "ReisoIdGTFS": "A87-07-1-250508-ba-1130", "color": "blue" }, "geometry": { "type": "Point", "coordinates": [ 25.276692, 54.742311 ] } },
{ "type": "Feature", "properties": { "Transportas": "Autobusai", "Marsrutas": "87", "ReisoID": 24152071202, "MasinosNumeris": 943, "Ilguma": 25272598, "Ilguma_new": 25.272598, "Platuma": 54781386, "Platuma_new": 54.781386, "Greitis": 24, "Azimutas": 338, "ReisoPradziaMinutemis": 722, "NuokrypisSekundemis": 92, "MatavimoLaikas": 44497, "MasinosTipas": "Z", "KryptiesTipas": "A>B", "KryptiesPavadinimas": "Šeškinė", "ReisoIdGTFS": "A87-08-1-250508-ab-1200", "color": "blue" }, "geometry": { "type": "Point", "coordinates": [ 25.272598, 54.781386 ] } },
{ "type": "Feature", "properties": { "Transportas": "Autobusai", "Marsrutas": "87", "ReisoID": 24152081215, "MasinosNumeris": 977, "Ilguma": 25276644, "Ilguma_new": 25.276644, "Platuma": 54741366, "Platuma_new": 54.741366, "Greitis": 49, "Azimutas": 6, "ReisoPradziaMinutemis": 735, "NuokrypisSekundemis": 155, "MatavimoLaikas": 44497, "MasinosTipas": "Z", "KryptiesTipas": "A>B", "KryptiesPavadinimas": "Šeškinė", "ReisoIdGTFS": "A87-09-1-250508-ab-1220", "color": "blue" }, "geometry": { "type": "Point", "coordinates": [ 25.276644, 54.741366 ] } }
]
}
